gamma,row,col,re,im
0,0,128,1.0,0.0
0,1,129,1.0,0.0
0,2,130,1.0,0.0
0,3,131,1.0,0.0
0,4,132,1.0,0.0
0,5,133,1.0,0.0
0,6,134,1.0,0.0
0,7,135,1.0,0.0
0,8,136,1.0,0.0
0,9,137,1.0,0.0
0,10,138,1.0,0.0
0,11,139,1.0,0.0
0,12,140,1.0,0.0
0,13,141,1.0,0.0
0,14,142,1.0,0.0
0,15,143,1.0,0.0
0,16,144,1.0,0.0
0,17,145,1.0,0.0
0,18,146,1.0,0.0
0,19,147,1.0,0.0
0,20,148,1.0,0.0
0,21,149,1.0,0.0
0,22,150,1.0,0.0
0,23,151,1.0,0.0
0,24,152,1.0,0.0
0,25,153,1.0,0.0
0,26,154,1.0,0.0
0,27,155,1.0,0.0
0,28,156,1.0,0.0
0,29,157,1.0,0.0
0,30,158,1.0,0.0
0,31,159,1.0,0.0
0,32,160,1.0,0.0
0,33,161,1.0,0.0
0,34,162,1.0,0.0
0,35,163,1.0,0.0
0,36,164,1.0,0.0
0,37,165,1.0,0.0
0,38,166,1.0,0.0
0,39,167,1.0,0.0
0,40,168,1.0,0.0
0,41,169,1.0,0.0
0,42,170,1.0,0.0
0,43,171,1.0,0.0
0,44,172,1.0,0.0
0,45,173,1.0,0.0
0,46,174,1.0,0.0
0,47,175,1.0,0.0
0,48,176,1.0,0.0
0,49,177,1.0,0.0
0,50,178,1.0,0.0
0,51,179,1.0,0.0
0,52,180,1.0,0.0
0,53,181,1.0,0.0
0,54,182,1.0,0.0
0,55,183,1.0,0.0
0,56,184,1.0,0.0
0,57,185,1.0,0.0
0,58,186,1.0,0.0
0,59,187,1.0,0.0
0,60,188,1.0,0.0
0,61,189,1.0,0.0
0,62,190,1.0,0.0
0,63,191,1.0,0.0
0,64,192,1.0,0.0
0,65,193,1.0,0.0
0,66,194,1.0,0.0
0,67,195,1.0,0.0
0,68,196,1.0,0.0
0,69,197,1.0,0.0
0,70,198,1.0,0.0
0,71,199,1.0,0.0
0,72,200,1.0,0.0
0,73,201,1.0,0.0
0,74,202,1.0,0.0
0,75,203,1.0,0.0
0,76,204,1.0,0.0
0,77,205,1.0,0.0
0,78,206,1.0,0.0
0,79,207,1.0,0.0
0,80,208,1.0,0.0
0,81,209,1.0,0.0
0,82,210,1.0,0.0
0,83,211,1.0,0.0
0,84,212,1.0,0.0
0,85,213,1.0,0.0
0,86,214,1.0,0.0
0,87,215,1.0,0.0
0,88,216,1.0,0.0
0,89,217,1.0,0.0
0,90,218,1.0,0.0
0,91,219,1.0,0.0
0,92,220,1.0,0.0
0,93,221,1.0,0.0
0,94,222,1.0,0.0
0,95,223,1.0,0.0
0,96,224,1.0,0.0
0,97,225,1.0,0.0
0,98,226,1.0,0.0
0,99,227,1.0,0.0
0,100,228,1.0,0.0
0,101,229,1.0,0.0
0,102,230,1.0,0.0
0,103,231,1.0,0.0
0,104,232,1.0,0.0
0,105,233,1.0,0.0
0,106,234,1.0,0.0
0,107,235,1.0,0.0
0,108,236,1.0,0.0
0,109,237,1.0,0.0
0,110,238,1.0,0.0
0,111,239,1.0,0.0
0,112,240,1.0,0.0
0,113,241,1.0,0.0
0,114,242,1.0,0.0
0,115,243,1.0,0.0
0,116,244,1.0,0.0
0,117,245,1.0,0.0
0,118,246,1.0,0.0
0,119,247,1.0,0.0
0,120,248,1.0,0.0
0,121,249,1.0,0.0
0,122,250,1.0,0.0
0,123,251,1.0,0.0
0,124,252,1.0,0.0
0,125,253,1.0,0.0
0,126,254,1.0,0.0
0,127,255,1.0,0.0
0,128,0,1.0,0.0
0,129,1,1.0,0.0
0,130,2,1.0,0.0
0,131,3,1.0,0.0
0,132,4,1.0,0.0
0,133,5,1.0,0.0
0,134,6,1.0,0.0
0,135,7,1.0,0.0
0,136,8,1.0,0.0
0,137,9,1.0,0.0
0,138,10,1.0,0.0
0,139,11,1.0,0.0
0,140,12,1.0,0.0
0,141,13,1.0,0.0
0,142,14,1.0,0.0
0,143,15,1.0,0.0
0,144,16,1.0,0.0
0,145,17,1.0,0.0
0,146,18,1.0,0.0
0,147,19,1.0,0.0
0,148,20,1.0,0.0
0,149,21,1.0,0.0
0,150,22,1.0,0.0
0,151,23,1.0,0.0
0,152,24,1.0,0.0
0,153,25,1.0,0.0
0,154,26,1.0,0.0
0,155,27,1.0,0.0
0,156,28,1.0,0.0
0,157,29,1.0,0.0
0,158,30,1.0,0.0
0,159,31,1.0,0.0
0,160,32,1.0,0.0
0,161,33,1.0,0.0
0,162,34,1.0,0.0
0,163,35,1.0,0.0
0,164,36,1.0,0.0
0,165,37,1.0,0.0
0,166,38,1.0,0.0
0,167,39,1.0,0.0
0,168,40,1.0,0.0
0,169,41,1.0,0.0
0,170,42,1.0,0.0
0,171,43,1.0,0.0
0,172,44,1.0,0.0
0,173,45,1.0,0.0
0,174,46,1.0,0.0
0,175,47,1.0,0.0
0,176,48,1.0,0.0
0,177,49,1.0,0.0
0,178,50,1.0,0.0
0,179,51,1.0,0.0
0,180,52,1.0,0.0
0,181,53,1.0,0.0
0,182,54,1.0,0.0
0,183,55,1.0,0.0
0,184,56,1.0,0.0
0,185,57,1.0,0.0
0,186,58,1.0,0.0
0,187,59,1.0,0.0
0,188,60,1.0,0.0
0,189,61,1.0,0.0
0,190,62,1.0,0.0
0,191,63,1.0,0.0
0,192,64,1.0,0.0
0,193,65,1.0,0.0
0,194,66,1.0,0.0
0,195,67,1.0,0.0
0,196,68,1.0,0.0
0,197,69,1.0,0.0
0,198,70,1.0,0.0
0,199,71,1.0,0.0
0,200,72,1.0,0.0
0,201,73,1.0,0.0
0,202,74,1.0,0.0
0,203,75,1.0,0.0
0,204,76,1.0,0.0
0,205,77,1.0,0.0
0,206,78,1.0,0.0
0,207,79,1.0,0.0
0,208,80,1.0,0.0
0,209,81,1.0,0.0
0,210,82,1.0,0.0
0,211,83,1.0,0.0
0,212,84,1.0,0.0
0,213,85,1.0,0.0
0,214,86,1.0,0.0
0,215,87,1.0,0.0
0,216,88,1.0,0.0
0,217,89,1.0,0.0
0,218,90,1.0,0.0
0,219,91,1.0,0.0
0,220,92,1.0,0.0
0,221,93,1.0,0.0
0,222,94,1.0,0.0
0,223,95,1.0,0.0
0,224,96,1.0,0.0
0,225,97,1.0,0.0
0,226,98,1.0,0.0
0,227,99,1.0,0.0
0,228,100,1.0,0.0
0,229,101,1.0,0.0
0,230,102,1.0,0.0
0,231,103,1.0,0.0
0,232,104,1.0,0.0
0,233,105,1.0,0.0
0,234,106,1.0,0.0
0,235,107,1.0,0.0
0,236,108,1.0,0.0
0,237,109,1.0,0.0
0,238,110,1.0,0.0
0,239,111,1.0,0.0
0,240,112,1.0,0.0
0,241,113,1.0,0.0
0,242,114,1.0,0.0
0,243,115,1.0,0.0
0,244,116,1.0,0.0
0,245,117,1.0,0.0
0,246,118,1.0,0.0
0,247,119,1.0,0.0
0,248,120,1.0,0.0
0,249,121,1.0,0.0
0,250,122,1.0,0.0
0,251,123,1.0,0.0
0,252,124,1.0,0.0
0,253,125,1.0,0.0
0,254,126,1.0,0.0
0,255,127,1.0,0.0
1,0,128,0.0,-1.0
1,1,129,0.0,-1.0
1,2,130,0.0,-1.0
1,3,131,0.0,-1.0
1,4,132,0.0,-1.0
1,5,133,0.0,-1.0
1,6,134,0.0,-1.0
1,7,135,0.0,-1.0
1,8,136,0.0,-1.0
1,9,137,0.0,-1.0
1,10,138,0.0,-1.0
1,11,139,0.0,-1.0
1,12,140,0.0,-1.0
1,13,141,0.0,-1.0
1,14,142,0.0,-1.0
1,15,143,0.0,-1.0
1,16,144,0.0,-1.0
1,17,145,0.0,-1.0
1,18,146,0.0,-1.0
1,19,147,0.0,-1.0
1,20,148,0.0,-1.0
1,21,149,0.0,-1.0
1,22,150,0.0,-1.0
1,23,151,0.0,-1.0
1,24,152,0.0,-1.0
1,25,153,0.0,-1.0
1,26,154,0.0,-1.0
1,27,155,0.0,-1.0
1,28,156,0.0,-1.0
1,29,157,0.0,-1.0
1,30,158,0.0,-1.0
1,31,159,0.0,-1.0
1,32,160,0.0,-1.0
1,33,161,0.0,-1.0
1,34,162,0.0,-1.0
1,35,163,0.0,-1.0
1,36,164,0.0,-1.0
1,37,165,0.0,-1.0
1,38,166,0.0,-1.0
1,39,167,0.0,-1.0
1,40,168,0.0,-1.0
1,41,169,0.0,-1.0
1,42,170,0.0,-1.0
1,43,171,0.0,-1.0
1,44,172,0.0,-1.0
1,45,173,0.0,-1.0
1,46,174,0.0,-1.0
1,47,175,0.0,-1.0
1,48,176,0.0,-1.0
1,49,177,0.0,-1.0
1,50,178,0.0,-1.0
1,51,179,0.0,-1.0
1,52,180,0.0,-1.0
1,53,181,0.0,-1.0
1,54,182,0.0,-1.0
1,55,183,0.0,-1.0
1,56,184,0.0,-1.0
1,57,185,0.0,-1.0
1,58,186,0.0,-1.0
1,59,187,0.0,-1.0
1,60,188,0.0,-1.0
1,61,189,0.0,-1.0
1,62,190,0.0,-1.0
1,63,191,0.0,-1.0
1,64,192,0.0,-1.0
1,65,193,0.0,-1.0
1,66,194,0.0,-1.0
1,67,195,0.0,-1.0
1,68,196,0.0,-1.0
1,69,197,0.0,-1.0
1,70,198,0.0,-1.0
1,71,199,0.0,-1.0
1,72,200,0.0,-1.0
1,73,201,0.0,-1.0
1,74,202,0.0,-1.0
1,75,203,0.0,-1.0
1,76,204,0.0,-1.0
1,77,205,0.0,-1.0
1,78,206,0.0,-1.0
1,79,207,0.0,-1.0
1,80,208,0.0,-1.0
1,81,209,0.0,-1.0
1,82,210,0.0,-1.0
1,83,211,0.0,-1.0
1,84,212,0.0,-1.0
1,85,213,0.0,-1.0
1,86,214,0.0,-1.0
1,87,215,0.0,-1.0
1,88,216,0.0,-1.0
1,89,217,0.0,-1.0
1,90,218,0.0,-1.0
1,91,219,0.0,-1.0
1,92,220,0.0,-1.0
1,93,221,0.0,-1.0
1,94,222,0.0,-1.0
1,95,223,0.0,-1.0
1,96,224,0.0,-1.0
1,97,225,0.0,-1.0
1,98,226,0.0,-1.0
1,99,227,0.0,-1.0
1,100,228,0.0,-1.0
1,101,229,0.0,-1.0
1,102,230,0.0,-1.0
1,103,231,0.0,-1.0
1,104,232,0.0,-1.0
1,105,233,0.0,-1.0
1,106,234,0.0,-1.0
1,107,235,0.0,-1.0
1,108,236,0.0,-1.0
1,109,237,0.0,-1.0
1,110,238,0.0,-1.0
1,111,239,0.0,-1.0
1,112,240,0.0,-1.0
1,113,241,0.0,-1.0
1,114,242,0.0,-1.0
1,115,243,0.0,-1.0
1,116,244,0.0,-1.0
1,117,245,0.0,-1.0
1,118,246,0.0,-1.0
1,119,247,0.0,-1.0
1,120,248,0.0,-1.0
1,121,249,0.0,-1.0
1,122,250,0.0,-1.0
1,123,251,0.0,-1.0
1,124,252,0.0,-1.0
1,125,253,0.0,-1.0
1,126,254,0.0,-1.0
1,127,255,0.0,-1.0
1,128,0,0.0,1.0
1,129,1,0.0,1.0
1,130,2,0.0,1.0
1,131,3,0.0,1.0
1,132,4,0.0,1.0
1,133,5,0.0,1.0
1,134,6,0.0,1.0
1,135,7,0.0,1.0
1,136,8,0.0,1.0
1,137,9,0.0,1.0
1,138,10,0.0,1.0
1,139,11,0.0,1.0
1,140,12,0.0,1.0
1,141,13,0.0,1.0
1,142,14,0.0,1.0
1,143,15,0.0,1.0
1,144,16,0.0,1.0
1,145,17,0.0,1.0
1,146,18,0.0,1.0
1,147,19,0.0,1.0
1,148,20,0.0,1.0
1,149,21,0.0,1.0
1,150,22,0.0,1.0
1,151,23,0.0,1.0
1,152,24,0.0,1.0
1,153,25,0.0,1.0
1,154,26,0.0,1.0
1,155,27,0.0,1.0
1,156,28,0.0,1.0
1,157,29,0.0,1.0
1,158,30,0.0,1.0
1,159,31,0.0,1.0
1,160,32,0.0,1.0
1,161,33,0.0,1.0
1,162,34,0.0,1.0
1,163,35,0.0,1.0
1,164,36,0.0,1.0
1,165,37,0.0,1.0
1,166,38,0.0,1.0
1,167,39,0.0,1.0
1,168,40,0.0,1.0
1,169,41,0.0,1.0
1,170,42,0.0,1.0
1,171,43,0.0,1.0
1,172,44,0.0,1.0
1,173,45,0.0,1.0
1,174,46,0.0,1.0
1,175,47,0.0,1.0
1,176,48,0.0,1.0
1,177,49,0.0,1.0
1,178,50,0.0,1.0
1,179,51,0.0,1.0
1,180,52,0.0,1.0
1,181,53,0.0,1.0
1,182,54,0.0,1.0
1,183,55,0.0,1.0
1,184,56,0.0,1.0
1,185,57,0.0,1.0
1,186,58,0.0,1.0
1,187,59,0.0,1.0
1,188,60,0.0,1.0
1,189,61,0.0,1.0
1,190,62,0.0,1.0
1,191,63,0.0,1.0
1,192,64,0.0,1.0
1,193,65,0.0,1.0
1,194,66,0.0,1.0
1,195,67,0.0,1.0
1,196,68,0.0,1.0
1,197,69,0.0,1.0
1,198,70,0.0,1.0
1,199,71,0.0,1.0
1,200,72,0.0,1.0
1,201,73,0.0,1.0
1,202,74,0.0,1.0
1,203,75,0.0,1.0
1,204,76,0.0,1.0
1,205,77,0.0,1.0
1,206,78,0.0,1.0
1,207,79,0.0,1.0
1,208,80,0.0,1.0
1,209,81,0.0,1.0
1,210,82,0.0,1.0
1,211,83,0.0,1.0
1,212,84,0.0,1.0
1,213,85,0.0,1.0
1,214,86,0.0,1.0
1,215,87,0.0,1.0
1,216,88,0.0,1.0
1,217,89,0.0,1.0
1,218,90,0.0,1.0
1,219,91,0.0,1.0
1,220,92,0.0,1.0
1,221,93,0.0,1.0
1,222,94,0.0,1.0
1,223,95,0.0,1.0
1,224,96,0.0,1.0
1,225,97,0.0,1.0
1,226,98,0.0,1.0
1,227,99,0.0,1.0
1,228,100,0.0,1.0
1,229,101,0.0,1.0
1,230,102,0.0,1.0
1,231,103,0.0,1.0
1,232,104,0.0,1.0
1,233,105,0.0,1.0
1,234,106,0.0,1.0
1,235,107,0.0,1.0
1,236,108,0.0,1.0
1,237,109,0.0,1.0
1,238,110,0.0,1.0
1,239,111,0.0,1.0
1,240,112,0.0,1.0
1,241,113,0.0,1.0
1,242,114,0.0,1.0
1,243,115,0.0,1.0
1,244,116,0.0,1.0
1,245,117,0.0,1.0
1,246,118,0.0,1.0
1,247,119,0.0,1.0
1,248,120,0.0,1.0
1,249,121,0.0,1.0
1,250,122,0.0,1.0
1,251,123,0.0,1.0
1,252,124,0.0,1.0
1,253,125,0.0,1.0
1,254,126,0.0,1.0
1,255,127,0.0,1.0
2,0,64,1.0,0.0
2,1,65,1.0,0.0
2,2,66,1.0,0.0
2,3,67,1.0,0.0
2,4,68,1.0,0.0
2,5,69,1.0,0.0
2,6,70,1.0,0.0
2,7,71,1.0,0.0
2,8,72,1.0,0.0
2,9,73,1.0,0.0
2,10,74,1.0,0.0
2,11,75,1.0,0.0
2,12,76,1.0,0.0
2,13,77,1.0,0.0
2,14,78,1.0,0.0
2,15,79,1.0,0.0
2,16,80,1.0,0.0
2,17,81,1.0,0.0
2,18,82,1.0,0.0
2,19,83,1.0,0.0
2,20,84,1.0,0.0
2,21,85,1.0,0.0
2,22,86,1.0,0.0
2,23,87,1.0,0.0
2,24,88,1.0,0.0
2,25,89,1.0,0.0
2,26,90,1.0,0.0
2,27,91,1.0,0.0
2,28,92,1.0,0.0
2,29,93,1.0,0.0
2,30,94,1.0,0.0
2,31,95,1.0,0.0
2,32,96,1.0,0.0
2,33,97,1.0,0.0
2,34,98,1.0,0.0
2,35,99,1.0,0.0
2,36,100,1.0,0.0
2,37,101,1.0,0.0
2,38,102,1.0,0.0
2,39,103,1.0,0.0
2,40,104,1.0,0.0
2,41,105,1.0,0.0
2,42,106,1.0,0.0
2,43,107,1.0,0.0
2,44,108,1.0,0.0
2,45,109,1.0,0.0
2,46,110,1.0,0.0
2,47,111,1.0,0.0
2,48,112,1.0,0.0
2,49,113,1.0,0.0
2,50,114,1.0,0.0
2,51,115,1.0,0.0
2,52,116,1.0,0.0
2,53,117,1.0,0.0
2,54,118,1.0,0.0
2,55,119,1.0,0.0
2,56,120,1.0,0.0
2,57,121,1.0,0.0
2,58,122,1.0,0.0
2,59,123,1.0,0.0
2,60,124,1.0,0.0
2,61,125,1.0,0.0
2,62,126,1.0,0.0
2,63,127,1.0,0.0
2,64,0,1.0,0.0
2,65,1,1.0,0.0
2,66,2,1.0,0.0
2,67,3,1.0,0.0
2,68,4,1.0,0.0
2,69,5,1.0,0.0
2,70,6,1.0,0.0
2,71,7,1.0,0.0
2,72,8,1.0,0.0
2,73,9,1.0,0.0
2,74,10,1.0,0.0
2,75,11,1.0,0.0
2,76,12,1.0,0.0
2,77,13,1.0,0.0
2,78,14,1.0,0.0
2,79,15,1.0,0.0
2,80,16,1.0,0.0
2,81,17,1.0,0.0
2,82,18,1.0,0.0
2,83,19,1.0,0.0
2,84,20,1.0,0.0
2,85,21,1.0,0.0
2,86,22,1.0,0.0
2,87,23,1.0,0.0
2,88,24,1.0,0.0
2,89,25,1.0,0.0
2,90,26,1.0,0.0
2,91,27,1.0,0.0
2,92,28,1.0,0.0
2,93,29,1.0,0.0
2,94,30,1.0,0.0
2,95,31,1.0,0.0
2,96,32,1.0,0.0
2,97,33,1.0,0.0
2,98,34,1.0,0.0
2,99,35,1.0,0.0
2,100,36,1.0,0.0
2,101,37,1.0,0.0
2,102,38,1.0,0.0
2,103,39,1.0,0.0
2,104,40,1.0,0.0
2,105,41,1.0,0.0
2,106,42,1.0,0.0
2,107,43,1.0,0.0
2,108,44,1.0,0.0
2,109,45,1.0,0.0
2,110,46,1.0,0.0
2,111,47,1.0,0.0
2,112,48,1.0,0.0
2,113,49,1.0,0.0
2,114,50,1.0,0.0
2,115,51,1.0,0.0
2,116,52,1.0,0.0
2,117,53,1.0,0.0
2,118,54,1.0,0.0
2,119,55,1.0,0.0
2,120,56,1.0,0.0
2,121,57,1.0,0.0
2,122,58,1.0,0.0
2,123,59,1.0,0.0
2,124,60,1.0,0.0
2,125,61,1.0,0.0
2,126,62,1.0,0.0
2,127,63,1.0,0.0
2,128,192,-1.0,0.0
2,129,193,-1.0,0.0
2,130,194,-1.0,0.0
2,131,195,-1.0,0.0
2,132,196,-1.0,0.0
2,133,197,-1.0,0.0
2,134,198,-1.0,0.0
2,135,199,-1.0,0.0
2,136,200,-1.0,0.0
2,137,201,-1.0,0.0
2,138,202,-1.0,0.0
2,139,203,-1.0,0.0
2,140,204,-1.0,0.0
2,141,205,-1.0,0.0
2,142,206,-1.0,0.0
2,143,207,-1.0,0.0
2,144,208,-1.0,0.0
2,145,209,-1.0,0.0
2,146,210,-1.0,0.0
2,147,211,-1.0,0.0
2,148,212,-1.0,0.0
2,149,213,-1.0,0.0
2,150,214,-1.0,0.0
2,151,215,-1.0,0.0
2,152,216,-1.0,0.0
2,153,217,-1.0,0.0
2,154,218,-1.0,0.0
2,155,219,-1.0,0.0
2,156,220,-1.0,0.0
2,157,221,-1.0,0.0
2,158,222,-1.0,0.0
2,159,223,-1.0,0.0
2,160,224,-1.0,0.0
2,161,225,-1.0,0.0
2,162,226,-1.0,0.0
2,163,227,-1.0,0.0
2,164,228,-1.0,0.0
2,165,229,-1.0,0.0
2,166,230,-1.0,0.0
2,167,231,-1.0,0.0
2,168,232,-1.0,0.0
2,169,233,-1.0,0.0
2,170,234,-1.0,0.0
2,171,235,-1.0,0.0
2,172,236,-1.0,0.0
2,173,237,-1.0,0.0
2,174,238,-1.0,0.0
2,175,239,-1.0,0.0
2,176,240,-1.0,0.0
2,177,241,-1.0,0.0
2,178,242,-1.0,0.0
2,179,243,-1.0,0.0
2,180,244,-1.0,0.0
2,181,245,-1.0,0.0
2,182,246,-1.0,0.0
2,183,247,-1.0,0.0
2,184,248,-1.0,0.0
2,185,249,-1.0,0.0
2,186,250,-1.0,0.0
2,187,251,-1.0,0.0
2,188,252,-1.0,0.0
2,189,253,-1.0,0.0
2,190,254,-1.0,0.0
2,191,255,-1.0,0.0
2,192,128,-1.0,0.0
2,193,129,-1.0,0.0
2,194,130,-1.0,0.0
2,195,131,-1.0,0.0
2,196,132,-1.0,0.0
2,197,133,-1.0,0.0
2,198,134,-1.0,0.0
2,199,135,-1.0,0.0
2,200,136,-1.0,0.0
2,201,137,-1.0,0.0
2,202,138,-1.0,0.0
2,203,139,-1.0,0.0
2,204,140,-1.0,0.0
2,205,141,-1.0,0.0
2,206,142,-1.0,0.0
2,207,143,-1.0,0.0
2,208,144,-1.0,0.0
2,209,145,-1.0,0.0
2,210,146,-1.0,0.0
2,211,147,-1.0,0.0
2,212,148,-1.0,0.0
2,213,149,-1.0,0.0
2,214,150,-1.0,0.0
2,215,151,-1.0,0.0
2,216,152,-1.0,0.0
2,217,153,-1.0,0.0
2,218,154,-1.0,0.0
2,219,155,-1.0,0.0
2,220,156,-1.0,0.0
2,221,157,-1.0,0.0
2,222,158,-1.0,0.0
2,223,159,-1.0,0.0
2,224,160,-1.0,0.0
2,225,161,-1.0,0.0
2,226,162,-1.0,0.0
2,227,163,-1.0,0.0
2,228,164,-1.0,0.0
2,229,165,-1.0,0.0
2,230,166,-1.0,0.0
2,231,167,-1.0,0.0
2,232,168,-1.0,0.0
2,233,169,-1.0,0.0
2,234,170,-1.0,0.0
2,235,171,-1.0,0.0
2,236,172,-1.0,0.0
2,237,173,-1.0,0.0
2,238,174,-1.0,0.0
2,239,175,-1.0,0.0
2,240,176,-1.0,0.0
2,241,177,-1.0,0.0
2,242,178,-1.0,0.0
2,243,179,-1.0,0.0
2,244,180,-1.0,0.0
2,245,181,-1.0,0.0
2,246,182,-1.0,0.0
2,247,183,-1.0,0.0
2,248,184,-1.0,0.0
2,249,185,-1.0,0.0
2,250,186,-1.0,0.0
2,251,187,-1.0,0.0
2,252,188,-1.0,0.0
2,253,189,-1.0,0.0
2,254,190,-1.0,0.0
2,255,191,-1.0,0.0
3,0,64,0.0,-1.0
3,1,65,0.0,-1.0
3,2,66,0.0,-1.0
3,3,67,0.0,-1.0
3,4,68,0.0,-1.0
3,5,69,0.0,-1.0
3,6,70,0.0,-1.0
3,7,71,0.0,-1.0
3,8,72,0.0,-1.0
3,9,73,0.0,-1.0
3,10,74,0.0,-1.0
3,11,75,0.0,-1.0
3,12,76,0.0,-1.0
3,13,77,0.0,-1.0
3,14,78,0.0,-1.0
3,15,79,0.0,-1.0
3,16,80,0.0,-1.0
3,17,81,0.0,-1.0
3,18,82,0.0,-1.0
3,19,83,0.0,-1.0
3,20,84,0.0,-1.0
3,21,85,0.0,-1.0
3,22,86,0.0,-1.0
3,23,87,0.0,-1.0
3,24,88,0.0,-1.0
3,25,89,0.0,-1.0
3,26,90,0.0,-1.0
3,27,91,0.0,-1.0
3,28,92,0.0,-1.0
3,29,93,0.0,-1.0
3,30,94,0.0,-1.0
3,31,95,0.0,-1.0
3,32,96,0.0,-1.0
3,33,97,0.0,-1.0
3,34,98,0.0,-1.0
3,35,99,0.0,-1.0
3,36,100,0.0,-1.0
3,37,101,0.0,-1.0
3,38,102,0.0,-1.0
3,39,103,0.0,-1.0
3,40,104,0.0,-1.0
3,41,105,0.0,-1.0
3,42,106,0.0,-1.0
3,43,107,0.0,-1.0
3,44,108,0.0,-1.0
3,45,109,0.0,-1.0
3,46,110,0.0,-1.0
3,47,111,0.0,-1.0
3,48,112,0.0,-1.0
3,49,113,0.0,-1.0
3,50,114,0.0,-1.0
3,51,115,0.0,-1.0
3,52,116,0.0,-1.0
3,53,117,0.0,-1.0
3,54,118,0.0,-1.0
3,55,119,0.0,-1.0
3,56,120,0.0,-1.0
3,57,121,0.0,-1.0
3,58,122,0.0,-1.0
3,59,123,0.0,-1.0
3,60,124,0.0,-1.0
3,61,125,0.0,-1.0
3,62,126,0.0,-1.0
3,63,127,0.0,-1.0
3,64,0,0.0,1.0
3,65,1,0.0,1.0
3,66,2,0.0,1.0
3,67,3,0.0,1.0
3,68,4,0.0,1.0
3,69,5,0.0,1.0
3,70,6,0.0,1.0
3,71,7,0.0,1.0
3,72,8,0.0,1.0
3,73,9,0.0,1.0
3,74,10,0.0,1.0
3,75,11,0.0,1.0
3,76,12,0.0,1.0
3,77,13,0.0,1.0
3,78,14,0.0,1.0
3,79,15,0.0,1.0
3,80,16,0.0,1.0
3,81,17,0.0,1.0
3,82,18,0.0,1.0
3,83,19,0.0,1.0
3,84,20,0.0,1.0
3,85,21,0.0,1.0
3,86,22,0.0,1.0
3,87,23,0.0,1.0
3,88,24,0.0,1.0
3,89,25,0.0,1.0
3,90,26,0.0,1.0
3,91,27,0.0,1.0
3,92,28,0.0,1.0
3,93,29,0.0,1.0
3,94,30,0.0,1.0
3,95,31,0.0,1.0
3,96,32,0.0,1.0
3,97,33,0.0,1.0
3,98,34,0.0,1.0
3,99,35,0.0,1.0
3,100,36,0.0,1.0
3,101,37,0.0,1.0
3,102,38,0.0,1.0
3,103,39,0.0,1.0
3,104,40,0.0,1.0
3,105,41,0.0,1.0
3,106,42,0.0,1.0
3,107,43,0.0,1.0
3,108,44,0.0,1.0
3,109,45,0.0,1.0
3,110,46,0.0,1.0
3,111,47,0.0,1.0
3,112,48,0.0,1.0
3,113,49,0.0,1.0
3,114,50,0.0,1.0
3,115,51,0.0,1.0
3,116,52,0.0,1.0
3,117,53,0.0,1.0
3,118,54,0.0,1.0
3,119,55,0.0,1.0
3,120,56,0.0,1.0
3,121,57,0.0,1.0
3,122,58,0.0,1.0
3,123,59,0.0,1.0
3,124,60,0.0,1.0
3,125,61,0.0,1.0
3,126,62,0.0,1.0
3,127,63,0.0,1.0
3,128,192,0.0,1.0
3,129,193,0.0,1.0
3,130,194,0.0,1.0
3,131,195,0.0,1.0
3,132,196,0.0,1.0
3,133,197,0.0,1.0
3,134,198,0.0,1.0
3,135,199,0.0,1.0
3,136,200,0.0,1.0
3,137,201,0.0,1.0
3,138,202,0.0,1.0
3,139,203,0.0,1.0
3,140,204,0.0,1.0
3,141,205,0.0,1.0
3,142,206,0.0,1.0
3,143,207,0.0,1.0
3,144,208,0.0,1.0
3,145,209,0.0,1.0
3,146,210,0.0,1.0
3,147,211,0.0,1.0
3,148,212,0.0,1.0
3,149,213,0.0,1.0
3,150,214,0.0,1.0
3,151,215,0.0,1.0
3,152,216,0.0,1.0
3,153,217,0.0,1.0
3,154,218,0.0,1.0
3,155,219,0.0,1.0
3,156,220,0.0,1.0
3,157,221,0.0,1.0
3,158,222,0.0,1.0
3,159,223,0.0,1.0
3,160,224,0.0,1.0
3,161,225,0.0,1.0
3,162,226,0.0,1.0
3,163,227,0.0,1.0
3,164,228,0.0,1.0
3,165,229,0.0,1.0
3,166,230,0.0,1.0
3,167,231,0.0,1.0
3,168,232,0.0,1.0
3,169,233,0.0,1.0
3,170,234,0.0,1.0
3,171,235,0.0,1.0
3,172,236,0.0,1.0
3,173,237,0.0,1.0
3,174,238,0.0,1.0
3,175,239,0.0,1.0
3,176,240,0.0,1.0
3,177,241,0.0,1.0
3,178,242,0.0,1.0
3,179,243,0.0,1.0
3,180,244,0.0,1.0
3,181,245,0.0,1.0
3,182,246,0.0,1.0
3,183,247,0.0,1.0
3,184,248,0.0,1.0
3,185,249,0.0,1.0
3,186,250,0.0,1.0
3,187,251,0.0,1.0
3,188,252,0.0,1.0
3,189,253,0.0,1.0
3,190,254,0.0,1.0
3,191,255,0.0,1.0
3,192,128,0.0,-1.0
3,193,129,0.0,-1.0
3,194,130,0.0,-1.0
3,195,131,0.0,-1.0
3,196,132,0.0,-1.0
3,197,133,0.0,-1.0
3,198,134,0.0,-1.0
3,199,135,0.0,-1.0
3,200,136,0.0,-1.0
3,201,137,0.0,-1.0
3,202,138,0.0,-1.0
3,203,139,0.0,-1.0
3,204,140,0.0,-1.0
3,205,141,0.0,-1.0
3,206,142,0.0,-1.0
3,207,143,0.0,-1.0
3,208,144,0.0,-1.0
3,209,145,0.0,-1.0
3,210,146,0.0,-1.0
3,211,147,0.0,-1.0
3,212,148,0.0,-1.0
3,213,149,0.0,-1.0
3,214,150,0.0,-1.0
3,215,151,0.0,-1.0
3,216,152,0.0,-1.0
3,217,153,0.0,-1.0
3,218,154,0.0,-1.0
3,219,155,0.0,-1.0
3,220,156,0.0,-1.0
3,221,157,0.0,-1.0
3,222,158,0.0,-1.0
3,223,159,0.0,-1.0
3,224,160,0.0,-1.0
3,225,161,0.0,-1.0
3,226,162,0.0,-1.0
3,227,163,0.0,-1.0
3,228,164,0.0,-1.0
3,229,165,0.0,-1.0
3,230,166,0.0,-1.0
3,231,167,0.0,-1.0
3,232,168,0.0,-1.0
3,233,169,0.0,-1.0
3,234,170,0.0,-1.0
3,235,171,0.0,-1.0
3,236,172,0.0,-1.0
3,237,173,0.0,-1.0
3,238,174,0.0,-1.0
3,239,175,0.0,-1.0
3,240,176,0.0,-1.0
3,241,177,0.0,-1.0
3,242,178,0.0,-1.0
3,243,179,0.0,-1.0
3,244,180,0.0,-1.0
3,245,181,0.0,-1.0
3,246,182,0.0,-1.0
3,247,183,0.0,-1.0
3,248,184,0.0,-1.0
3,249,185,0.0,-1.0
3,250,186,0.0,-1.0
3,251,187,0.0,-1.0
3,252,188,0.0,-1.0
3,253,189,0.0,-1.0
3,254,190,0.0,-1.0
3,255,191,0.0,-1.0
4,0,32,1.0,0.0
4,1,33,1.0,0.0
4,2,34,1.0,0.0
4,3,35,1.0,0.0
4,4,36,1.0,0.0
4,5,37,1.0,0.0
4,6,38,1.0,0.0
4,7,39,1.0,0.0
4,8,40,1.0,0.0
4,9,41,1.0,0.0
4,10,42,1.0,0.0
4,11,43,1.0,0.0
4,12,44,1.0,0.0
4,13,45,1.0,0.0
4,14,46,1.0,0.0
4,15,47,1.0,0.0
4,16,48,1.0,0.0
4,17,49,1.0,0.0
4,18,50,1.0,0.0
4,19,51,1.0,0.0
4,20,52,1.0,0.0
4,21,53,1.0,0.0
4,22,54,1.0,0.0
4,23,55,1.0,0.0
4,24,56,1.0,0.0
4,25,57,1.0,0.0
4,26,58,1.0,0.0
4,27,59,1.0,0.0
4,28,60,1.0,0.0
4,29,61,1.0,0.0
4,30,62,1.0,0.0
4,31,63,1.0,0.0
4,32,0,1.0,0.0
4,33,1,1.0,0.0
4,34,2,1.0,0.0
4,35,3,1.0,0.0
4,36,4,1.0,0.0
4,37,5,1.0,0.0
4,38,6,1.0,0.0
4,39,7,1.0,0.0
4,40,8,1.0,0.0
4,41,9,1.0,0.0
4,42,10,1.0,0.0
4,43,11,1.0,0.0
4,44,12,1.0,0.0
4,45,13,1.0,0.0
4,46,14,1.0,0.0
4,47,15,1.0,0.0
4,48,16,1.0,0.0
4,49,17,1.0,0.0
4,50,18,1.0,0.0
4,51,19,1.0,0.0
4,52,20,1.0,0.0
4,53,21,1.0,0.0
4,54,22,1.0,0.0
4,55,23,1.0,0.0
4,56,24,1.0,0.0
4,57,25,1.0,0.0
4,58,26,1.0,0.0
4,59,27,1.0,0.0
4,60,28,1.0,0.0
4,61,29,1.0,0.0
4,62,30,1.0,0.0
4,63,31,1.0,0.0
4,64,96,-1.0,0.0
4,65,97,-1.0,0.0
4,66,98,-1.0,0.0
4,67,99,-1.0,0.0
4,68,100,-1.0,0.0
4,69,101,-1.0,0.0
4,70,102,-1.0,0.0
4,71,103,-1.0,0.0
4,72,104,-1.0,0.0
4,73,105,-1.0,0.0
4,74,106,-1.0,0.0
4,75,107,-1.0,0.0
4,76,108,-1.0,0.0
4,77,109,-1.0,0.0
4,78,110,-1.0,0.0
4,79,111,-1.0,0.0
4,80,112,-1.0,0.0
4,81,113,-1.0,0.0
4,82,114,-1.0,0.0
4,83,115,-1.0,0.0
4,84,116,-1.0,0.0
4,85,117,-1.0,0.0
4,86,118,-1.0,0.0
4,87,119,-1.0,0.0
4,88,120,-1.0,0.0
4,89,121,-1.0,0.0
4,90,122,-1.0,0.0
4,91,123,-1.0,0.0
4,92,124,-1.0,0.0
4,93,125,-1.0,0.0
4,94,126,-1.0,0.0
4,95,127,-1.0,0.0
4,96,64,-1.0,0.0
4,97,65,-1.0,0.0
4,98,66,-1.0,0.0
4,99,67,-1.0,0.0
4,100,68,-1.0,0.0
4,101,69,-1.0,0.0
4,102,70,-1.0,0.0
4,103,71,-1.0,0.0
4,104,72,-1.0,0.0
4,105,73,-1.0,0.0
4,106,74,-1.0,0.0
4,107,75,-1.0,0.0
4,108,76,-1.0,0.0
4,109,77,-1.0,0.0
4,110,78,-1.0,0.0
4,111,79,-1.0,0.0
4,112,80,-1.0,0.0
4,113,81,-1.0,0.0
4,114,82,-1.0,0.0
4,115,83,-1.0,0.0
4,116,84,-1.0,0.0
4,117,85,-1.0,0.0
4,118,86,-1.0,0.0
4,119,87,-1.0,0.0
4,120,88,-1.0,0.0
4,121,89,-1.0,0.0
4,122,90,-1.0,0.0
4,123,91,-1.0,0.0
4,124,92,-1.0,0.0
4,125,93,-1.0,0.0
4,126,94,-1.0,0.0
4,127,95,-1.0,0.0
4,128,160,-1.0,0.0
4,129,161,-1.0,0.0
4,130,162,-1.0,0.0
4,131,163,-1.0,0.0
4,132,164,-1.0,0.0
4,133,165,-1.0,0.0
4,134,166,-1.0,0.0
4,135,167,-1.0,0.0
4,136,168,-1.0,0.0
4,137,169,-1.0,0.0
4,138,170,-1.0,0.0
4,139,171,-1.0,0.0
4,140,172,-1.0,0.0
4,141,173,-1.0,0.0
4,142,174,-1.0,0.0
4,143,175,-1.0,0.0
4,144,176,-1.0,0.0
4,145,177,-1.0,0.0
4,146,178,-1.0,0.0
4,147,179,-1.0,0.0
4,148,180,-1.0,0.0
4,149,181,-1.0,0.0
4,150,182,-1.0,0.0
4,151,183,-1.0,0.0
4,152,184,-1.0,0.0
4,153,185,-1.0,0.0
4,154,186,-1.0,0.0
4,155,187,-1.0,0.0
4,156,188,-1.0,0.0
4,157,189,-1.0,0.0
4,158,190,-1.0,0.0
4,159,191,-1.0,0.0
4,160,128,-1.0,0.0
4,161,129,-1.0,0.0
4,162,130,-1.0,0.0
4,163,131,-1.0,0.0
4,164,132,-1.0,0.0
4,165,133,-1.0,0.0
4,166,134,-1.0,0.0
4,167,135,-1.0,0.0
4,168,136,-1.0,0.0
4,169,137,-1.0,0.0
4,170,138,-1.0,0.0
4,171,139,-1.0,0.0
4,172,140,-1.0,0.0
4,173,141,-1.0,0.0
4,174,142,-1.0,0.0
4,175,143,-1.0,0.0
4,176,144,-1.0,0.0
4,177,145,-1.0,0.0
4,178,146,-1.0,0.0
4,179,147,-1.0,0.0
4,180,148,-1.0,0.0
4,181,149,-1.0,0.0
4,182,150,-1.0,0.0
4,183,151,-1.0,0.0
4,184,152,-1.0,0.0
4,185,153,-1.0,0.0
4,186,154,-1.0,0.0
4,187,155,-1.0,0.0
4,188,156,-1.0,0.0
4,189,157,-1.0,0.0
4,190,158,-1.0,0.0
4,191,159,-1.0,0.0
4,192,224,1.0,0.0
4,193,225,1.0,0.0
4,194,226,1.0,0.0
4,195,227,1.0,0.0
4,196,228,1.0,0.0
4,197,229,1.0,0.0
4,198,230,1.0,0.0
4,199,231,1.0,0.0
4,200,232,1.0,0.0
4,201,233,1.0,0.0
4,202,234,1.0,0.0
4,203,235,1.0,0.0
4,204,236,1.0,0.0
4,205,237,1.0,0.0
4,206,238,1.0,0.0
4,207,239,1.0,0.0
4,208,240,1.0,0.0
4,209,241,1.0,0.0
4,210,242,1.0,0.0
4,211,243,1.0,0.0
4,212,244,1.0,0.0
4,213,245,1.0,0.0
4,214,246,1.0,0.0
4,215,247,1.0,0.0
4,216,248,1.0,0.0
4,217,249,1.0,0.0
4,218,250,1.0,0.0
4,219,251,1.0,0.0
4,220,252,1.0,0.0
4,221,253,1.0,0.0
4,222,254,1.0,0.0
4,223,255,1.0,0.0
4,224,192,1.0,0.0
4,225,193,1.0,0.0
4,226,194,1.0,0.0
4,227,195,1.0,0.0
4,228,196,1.0,0.0
4,229,197,1.0,0.0
4,230,198,1.0,0.0
4,231,199,1.0,0.0
4,232,200,1.0,0.0
4,233,201,1.0,0.0
4,234,202,1.0,0.0
4,235,203,1.0,0.0
4,236,204,1.0,0.0
4,237,205,1.0,0.0
4,238,206,1.0,0.0
4,239,207,1.0,0.0
4,240,208,1.0,0.0
4,241,209,1.0,0.0
4,242,210,1.0,0.0
4,243,211,1.0,0.0
4,244,212,1.0,0.0
4,245,213,1.0,0.0
4,246,214,1.0,0.0
4,247,215,1.0,0.0
4,248,216,1.0,0.0
4,249,217,1.0,0.0
4,250,218,1.0,0.0
4,251,219,1.0,0.0
4,252,220,1.0,0.0
4,253,221,1.0,0.0
4,254,222,1.0,0.0
4,255,223,1.0,0.0
5,0,32,0.0,-1.0
5,1,33,0.0,-1.0
5,2,34,0.0,-1.0
5,3,35,0.0,-1.0
5,4,36,0.0,-1.0
5,5,37,0.0,-1.0
5,6,38,0.0,-1.0
5,7,39,0.0,-1.0
5,8,40,0.0,-1.0
5,9,41,0.0,-1.0
5,10,42,0.0,-1.0
5,11,43,0.0,-1.0
5,12,44,0.0,-1.0
5,13,45,0.0,-1.0
5,14,46,0.0,-1.0
5,15,47,0.0,-1.0
5,16,48,0.0,-1.0
5,17,49,0.0,-1.0
5,18,50,0.0,-1.0
5,19,51,0.0,-1.0
5,20,52,0.0,-1.0
5,21,53,0.0,-1.0
5,22,54,0.0,-1.0
5,23,55,0.0,-1.0
5,24,56,0.0,-1.0
5,25,57,0.0,-1.0
5,26,58,0.0,-1.0
5,27,59,0.0,-1.0
5,28,60,0.0,-1.0
5,29,61,0.0,-1.0
5,30,62,0.0,-1.0
5,31,63,0.0,-1.0
5,32,0,0.0,1.0
5,33,1,0.0,1.0
5,34,2,0.0,1.0
5,35,3,0.0,1.0
5,36,4,0.0,1.0
5,37,5,0.0,1.0
5,38,6,0.0,1.0
5,39,7,0.0,1.0
5,40,8,0.0,1.0
5,41,9,0.0,1.0
5,42,10,0.0,1.0
5,43,11,0.0,1.0
5,44,12,0.0,1.0
5,45,13,0.0,1.0
5,46,14,0.0,1.0
5,47,15,0.0,1.0
5,48,16,0.0,1.0
5,49,17,0.0,1.0
5,50,18,0.0,1.0
5,51,19,0.0,1.0
5,52,20,0.0,1.0
5,53,21,0.0,1.0
5,54,22,0.0,1.0
5,55,23,0.0,1.0
5,56,24,0.0,1.0
5,57,25,0.0,1.0
5,58,26,0.0,1.0
5,59,27,0.0,1.0
5,60,28,0.0,1.0
5,61,29,0.0,1.0
5,62,30,0.0,1.0
5,63,31,0.0,1.0
5,64,96,0.0,1.0
5,65,97,0.0,1.0
5,66,98,0.0,1.0
5,67,99,0.0,1.0
5,68,100,0.0,1.0
5,69,101,0.0,1.0
5,70,102,0.0,1.0
5,71,103,0.0,1.0
5,72,104,0.0,1.0
5,73,105,0.0,1.0
5,74,106,0.0,1.0
5,75,107,0.0,1.0
5,76,108,0.0,1.0
5,77,109,0.0,1.0
5,78,110,0.0,1.0
5,79,111,0.0,1.0
5,80,112,0.0,1.0
5,81,113,0.0,1.0
5,82,114,0.0,1.0
5,83,115,0.0,1.0
5,84,116,0.0,1.0
5,85,117,0.0,1.0
5,86,118,0.0,1.0
5,87,119,0.0,1.0
5,88,120,0.0,1.0
5,89,121,0.0,1.0
5,90,122,0.0,1.0
5,91,123,0.0,1.0
5,92,124,0.0,1.0
5,93,125,0.0,1.0
5,94,126,0.0,1.0
5,95,127,0.0,1.0
5,96,64,0.0,-1.0
5,97,65,0.0,-1.0
5,98,66,0.0,-1.0
5,99,67,0.0,-1.0
5,100,68,0.0,-1.0
5,101,69,0.0,-1.0
5,102,70,0.0,-1.0
5,103,71,0.0,-1.0
5,104,72,0.0,-1.0
5,105,73,0.0,-1.0
5,106,74,0.0,-1.0
5,107,75,0.0,-1.0
5,108,76,0.0,-1.0
5,109,77,0.0,-1.0
5,110,78,0.0,-1.0
5,111,79,0.0,-1.0
5,112,80,0.0,-1.0
5,113,81,0.0,-1.0
5,114,82,0.0,-1.0
5,115,83,0.0,-1.0
5,116,84,0.0,-1.0
5,117,85,0.0,-1.0
5,118,86,0.0,-1.0
5,119,87,0.0,-1.0
5,120,88,0.0,-1.0
5,121,89,0.0,-1.0
5,122,90,0.0,-1.0
5,123,91,0.0,-1.0
5,124,92,0.0,-1.0
5,125,93,0.0,-1.0
5,126,94,0.0,-1.0
5,127,95,0.0,-1.0
5,128,160,0.0,1.0
5,129,161,0.0,1.0
5,130,162,0.0,1.0
5,131,163,0.0,1.0
5,132,164,0.0,1.0
5,133,165,0.0,1.0
5,134,166,0.0,1.0
5,135,167,0.0,1.0
5,136,168,0.0,1.0
5,137,169,0.0,1.0
5,138,170,0.0,1.0
5,139,171,0.0,1.0
5,140,172,0.0,1.0
5,141,173,0.0,1.0
5,142,174,0.0,1.0
5,143,175,0.0,1.0
5,144,176,0.0,1.0
5,145,177,0.0,1.0
5,146,178,0.0,1.0
5,147,179,0.0,1.0
5,148,180,0.0,1.0
5,149,181,0.0,1.0
5,150,182,0.0,1.0
5,151,183,0.0,1.0
5,152,184,0.0,1.0
5,153,185,0.0,1.0
5,154,186,0.0,1.0
5,155,187,0.0,1.0
5,156,188,0.0,1.0
5,157,189,0.0,1.0
5,158,190,0.0,1.0
5,159,191,0.0,1.0
5,160,128,0.0,-1.0
5,161,129,0.0,-1.0
5,162,130,0.0,-1.0
5,163,131,0.0,-1.0
5,164,132,0.0,-1.0
5,165,133,0.0,-1.0
5,166,134,0.0,-1.0
5,167,135,0.0,-1.0
5,168,136,0.0,-1.0
5,169,137,0.0,-1.0
5,170,138,0.0,-1.0
5,171,139,0.0,-1.0
5,172,140,0.0,-1.0
5,173,141,0.0,-1.0
5,174,142,0.0,-1.0
5,175,143,0.0,-1.0
5,176,144,0.0,-1.0
5,177,145,0.0,-1.0
5,178,146,0.0,-1.0
5,179,147,0.0,-1.0
5,180,148,0.0,-1.0
5,181,149,0.0,-1.0
5,182,150,0.0,-1.0
5,183,151,0.0,-1.0
5,184,152,0.0,-1.0
5,185,153,0.0,-1.0
5,186,154,0.0,-1.0
5,187,155,0.0,-1.0
5,188,156,0.0,-1.0
5,189,157,0.0,-1.0
5,190,158,0.0,-1.0
5,191,159,0.0,-1.0
5,192,224,0.0,-1.0
5,193,225,0.0,-1.0
5,194,226,0.0,-1.0
5,195,227,0.0,-1.0
5,196,228,0.0,-1.0
5,197,229,0.0,-1.0
5,198,230,0.0,-1.0
5,199,231,0.0,-1.0
5,200,232,0.0,-1.0
5,201,233,0.0,-1.0
5,202,234,0.0,-1.0
5,203,235,0.0,-1.0
5,204,236,0.0,-1.0
5,205,237,0.0,-1.0
5,206,238,0.0,-1.0
5,207,239,0.0,-1.0
5,208,240,0.0,-1.0
5,209,241,0.0,-1.0
5,210,242,0.0,-1.0
5,211,243,0.0,-1.0
5,212,244,0.0,-1.0
5,213,245,0.0,-1.0
5,214,246,0.0,-1.0
5,215,247,0.0,-1.0
5,216,248,0.0,-1.0
5,217,249,0.0,-1.0
5,218,250,0.0,-1.0
5,219,251,0.0,-1.0
5,220,252,0.0,-1.0
5,221,253,0.0,-1.0
5,222,254,0.0,-1.0
5,223,255,0.0,-1.0
5,224,192,0.0,1.0
5,225,193,0.0,1.0
5,226,194,0.0,1.0
5,227,195,0.0,1.0
5,228,196,0.0,1.0
5,229,197,0.0,1.0
5,230,198,0.0,1.0
5,231,199,0.0,1.0
5,232,200,0.0,1.0
5,233,201,0.0,1.0
5,234,202,0.0,1.0
5,235,203,0.0,1.0
5,236,204,0.0,1.0
5,237,205,0.0,1.0
5,238,206,0.0,1.0
5,239,207,0.0,1.0
5,240,208,0.0,1.0
5,241,209,0.0,1.0
5,242,210,0.0,1.0
5,243,211,0.0,1.0
5,244,212,0.0,1.0
5,245,213,0.0,1.0
5,246,214,0.0,1.0
5,247,215,0.0,1.0
5,248,216,0.0,1.0
5,249,217,0.0,1.0
5,250,218,0.0,1.0
5,251,219,0.0,1.0
5,252,220,0.0,1.0
5,253,221,0.0,1.0
5,254,222,0.0,1.0
5,255,223,0.0,1.0
6,0,16,1.0,0.0
6,1,17,1.0,0.0
6,2,18,1.0,0.0
6,3,19,1.0,0.0
6,4,20,1.0,0.0
6,5,21,1.0,0.0
6,6,22,1.0,0.0
6,7,23,1.0,0.0
6,8,24,1.0,0.0
6,9,25,1.0,0.0
6,10,26,1.0,0.0
6,11,27,1.0,0.0
6,12,28,1.0,0.0
6,13,29,1.0,0.0
6,14,30,1.0,0.0
6,15,31,1.0,0.0
6,16,0,1.0,0.0
6,17,1,1.0,0.0
6,18,2,1.0,0.0
6,19,3,1.0,0.0
6,20,4,1.0,0.0
6,21,5,1.0,0.0
6,22,6,1.0,0.0
6,23,7,1.0,0.0
6,24,8,1.0,0.0
6,25,9,1.0,0.0
6,26,10,1.0,0.0
6,27,11,1.0,0.0
6,28,12,1.0,0.0
6,29,13,1.0,0.0
6,30,14,1.0,0.0
6,31,15,1.0,0.0
6,32,48,-1.0,0.0
6,33,49,-1.0,0.0
6,34,50,-1.0,0.0
6,35,51,-1.0,0.0
6,36,52,-1.0,0.0
6,37,53,-1.0,0.0
6,38,54,-1.0,0.0
6,39,55,-1.0,0.0
6,40,56,-1.0,0.0
6,41,57,-1.0,0.0
6,42,58,-1.0,0.0
6,43,59,-1.0,0.0
6,44,60,-1.0,0.0
6,45,61,-1.0,0.0
6,46,62,-1.0,0.0
6,47,63,-1.0,0.0
6,48,32,-1.0,0.0
6,49,33,-1.0,0.0
6,50,34,-1.0,0.0
6,51,35,-1.0,0.0
6,52,36,-1.0,0.0
6,53,37,-1.0,0.0
6,54,38,-1.0,0.0
6,55,39,-1.0,0.0
6,56,40,-1.0,0.0
6,57,41,-1.0,0.0
6,58,42,-1.0,0.0
6,59,43,-1.0,0.0
6,60,44,-1.0,0.0
6,61,45,-1.0,0.0
6,62,46,-1.0,0.0
6,63,47,-1.0,0.0
6,64,80,-1.0,0.0
6,65,81,-1.0,0.0
6,66,82,-1.0,0.0
6,67,83,-1.0,0.0
6,68,84,-1.0,0.0
6,69,85,-1.0,0.0
6,70,86,-1.0,0.0
6,71,87,-1.0,0.0
6,72,88,-1.0,0.0
6,73,89,-1.0,0.0
6,74,90,-1.0,0.0
6,75,91,-1.0,0.0
6,76,92,-1.0,0.0
6,77,93,-1.0,0.0
6,78,94,-1.0,0.0
6,79,95,-1.0,0.0
6,80,64,-1.0,0.0
6,81,65,-1.0,0.0
6,82,66,-1.0,0.0
6,83,67,-1.0,0.0
6,84,68,-1.0,0.0
6,85,69,-1.0,0.0
6,86,70,-1.0,0.0
6,87,71,-1.0,0.0
6,88,72,-1.0,0.0
6,89,73,-1.0,0.0
6,90,74,-1.0,0.0
6,91,75,-1.0,0.0
6,92,76,-1.0,0.0
6,93,77,-1.0,0.0
6,94,78,-1.0,0.0
6,95,79,-1.0,0.0
6,96,112,1.0,0.0
6,97,113,1.0,0.0
6,98,114,1.0,0.0
6,99,115,1.0,0.0
6,100,116,1.0,0.0
6,101,117,1.0,0.0
6,102,118,1.0,0.0
6,103,119,1.0,0.0
6,104,120,1.0,0.0
6,105,121,1.0,0.0
6,106,122,1.0,0.0
6,107,123,1.0,0.0
6,108,124,1.0,0.0
6,109,125,1.0,0.0
6,110,126,1.0,0.0
6,111,127,1.0,0.0
6,112,96,1.0,0.0
6,113,97,1.0,0.0
6,114,98,1.0,0.0
6,115,99,1.0,0.0
6,116,100,1.0,0.0
6,117,101,1.0,0.0
6,118,102,1.0,0.0
6,119,103,1.0,0.0
6,120,104,1.0,0.0
6,121,105,1.0,0.0
6,122,106,1.0,0.0
6,123,107,1.0,0.0
6,124,108,1.0,0.0
6,125,109,1.0,0.0
6,126,110,1.0,0.0
6,127,111,1.0,0.0
6,128,144,-1.0,0.0
6,129,145,-1.0,0.0
6,130,146,-1.0,0.0
6,131,147,-1.0,0.0
6,132,148,-1.0,0.0
6,133,149,-1.0,0.0
6,134,150,-1.0,0.0
6,135,151,-1.0,0.0
6,136,152,-1.0,0.0
6,137,153,-1.0,0.0
6,138,154,-1.0,0.0
6,139,155,-1.0,0.0
6,140,156,-1.0,0.0
6,141,157,-1.0,0.0
6,142,158,-1.0,0.0
6,143,159,-1.0,0.0
6,144,128,-1.0,0.0
6,145,129,-1.0,0.0
6,146,130,-1.0,0.0
6,147,131,-1.0,0.0
6,148,132,-1.0,0.0
6,149,133,-1.0,0.0
6,150,134,-1.0,0.0
6,151,135,-1.0,0.0
6,152,136,-1.0,0.0
6,153,137,-1.0,0.0
6,154,138,-1.0,0.0
6,155,139,-1.0,0.0
6,156,140,-1.0,0.0
6,157,141,-1.0,0.0
6,158,142,-1.0,0.0
6,159,143,-1.0,0.0
6,160,176,1.0,0.0
6,161,177,1.0,0.0
6,162,178,1.0,0.0
6,163,179,1.0,0.0
6,164,180,1.0,0.0
6,165,181,1.0,0.0
6,166,182,1.0,0.0
6,167,183,1.0,0.0
6,168,184,1.0,0.0
6,169,185,1.0,0.0
6,170,186,1.0,0.0
6,171,187,1.0,0.0
6,172,188,1.0,0.0
6,173,189,1.0,0.0
6,174,190,1.0,0.0
6,175,191,1.0,0.0
6,176,160,1.0,0.0
6,177,161,1.0,0.0
6,178,162,1.0,0.0
6,179,163,1.0,0.0
6,180,164,1.0,0.0
6,181,165,1.0,0.0
6,182,166,1.0,0.0
6,183,167,1.0,0.0
6,184,168,1.0,0.0
6,185,169,1.0,0.0
6,186,170,1.0,0.0
6,187,171,1.0,0.0
6,188,172,1.0,0.0
6,189,173,1.0,0.0
6,190,174,1.0,0.0
6,191,175,1.0,0.0
6,192,208,1.0,0.0
6,193,209,1.0,0.0
6,194,210,1.0,0.0
6,195,211,1.0,0.0
6,196,212,1.0,0.0
6,197,213,1.0,0.0
6,198,214,1.0,0.0
6,199,215,1.0,0.0
6,200,216,1.0,0.0
6,201,217,1.0,0.0
6,202,218,1.0,0.0
6,203,219,1.0,0.0
6,204,220,1.0,0.0
6,205,221,1.0,0.0
6,206,222,1.0,0.0
6,207,223,1.0,0.0
6,208,192,1.0,0.0
6,209,193,1.0,0.0
6,210,194,1.0,0.0
6,211,195,1.0,0.0
6,212,196,1.0,0.0
6,213,197,1.0,0.0
6,214,198,1.0,0.0
6,215,199,1.0,0.0
6,216,200,1.0,0.0
6,217,201,1.0,0.0
6,218,202,1.0,0.0
6,219,203,1.0,0.0
6,220,204,1.0,0.0
6,221,205,1.0,0.0
6,222,206,1.0,0.0
6,223,207,1.0,0.0
6,224,240,-1.0,0.0
6,225,241,-1.0,0.0
6,226,242,-1.0,0.0
6,227,243,-1.0,0.0
6,228,244,-1.0,0.0
6,229,245,-1.0,0.0
6,230,246,-1.0,0.0
6,231,247,-1.0,0.0
6,232,248,-1.0,0.0
6,233,249,-1.0,0.0
6,234,250,-1.0,0.0
6,235,251,-1.0,0.0
6,236,252,-1.0,0.0
6,237,253,-1.0,0.0
6,238,254,-1.0,0.0
6,239,255,-1.0,0.0
6,240,224,-1.0,0.0
6,241,225,-1.0,0.0
6,242,226,-1.0,0.0
6,243,227,-1.0,0.0
6,244,228,-1.0,0.0
6,245,229,-1.0,0.0
6,246,230,-1.0,0.0
6,247,231,-1.0,0.0
6,248,232,-1.0,0.0
6,249,233,-1.0,0.0
6,250,234,-1.0,0.0
6,251,235,-1.0,0.0
6,252,236,-1.0,0.0
6,253,237,-1.0,0.0
6,254,238,-1.0,0.0
6,255,239,-1.0,0.0
7,0,16,0.0,-1.0
7,1,17,0.0,-1.0
7,2,18,0.0,-1.0
7,3,19,0.0,-1.0
7,4,20,0.0,-1.0
7,5,21,0.0,-1.0
7,6,22,0.0,-1.0
7,7,23,0.0,-1.0
7,8,24,0.0,-1.0
7,9,25,0.0,-1.0
7,10,26,0.0,-1.0
7,11,27,0.0,-1.0
7,12,28,0.0,-1.0
7,13,29,0.0,-1.0
7,14,30,0.0,-1.0
7,15,31,0.0,-1.0
7,16,0,0.0,1.0
7,17,1,0.0,1.0
7,18,2,0.0,1.0
7,19,3,0.0,1.0
7,20,4,0.0,1.0
7,21,5,0.0,1.0
7,22,6,0.0,1.0
7,23,7,0.0,1.0
7,24,8,0.0,1.0
7,25,9,0.0,1.0
7,26,10,0.0,1.0
7,27,11,0.0,1.0
7,28,12,0.0,1.0
7,29,13,0.0,1.0
7,30,14,0.0,1.0
7,31,15,0.0,1.0
7,32,48,0.0,1.0
7,33,49,0.0,1.0
7,34,50,0.0,1.0
7,35,51,0.0,1.0
7,36,52,0.0,1.0
7,37,53,0.0,1.0
7,38,54,0.0,1.0
7,39,55,0.0,1.0
7,40,56,0.0,1.0
7,41,57,0.0,1.0
7,42,58,0.0,1.0
7,43,59,0.0,1.0
7,44,60,0.0,1.0
7,45,61,0.0,1.0
7,46,62,0.0,1.0
7,47,63,0.0,1.0
7,48,32,0.0,-1.0
7,49,33,0.0,-1.0
7,50,34,0.0,-1.0
7,51,35,0.0,-1.0
7,52,36,0.0,-1.0
7,53,37,0.0,-1.0
7,54,38,0.0,-1.0
7,55,39,0.0,-1.0
7,56,40,0.0,-1.0
7,57,41,0.0,-1.0
7,58,42,0.0,-1.0
7,59,43,0.0,-1.0
7,60,44,0.0,-1.0
7,61,45,0.0,-1.0
7,62,46,0.0,-1.0
7,63,47,0.0,-1.0
7,64,80,0.0,1.0
7,65,81,0.0,1.0
7,66,82,0.0,1.0
7,67,83,0.0,1.0
7,68,84,0.0,1.0
7,69,85,0.0,1.0
7,70,86,0.0,1.0
7,71,87,0.0,1.0
7,72,88,0.0,1.0
7,73,89,0.0,1.0
7,74,90,0.0,1.0
7,75,91,0.0,1.0
7,76,92,0.0,1.0
7,77,93,0.0,1.0
7,78,94,0.0,1.0
7,79,95,0.0,1.0
7,80,64,0.0,-1.0
7,81,65,0.0,-1.0
7,82,66,0.0,-1.0
7,83,67,0.0,-1.0
7,84,68,0.0,-1.0
7,85,69,0.0,-1.0
7,86,70,0.0,-1.0
7,87,71,0.0,-1.0
7,88,72,0.0,-1.0
7,89,73,0.0,-1.0
7,90,74,0.0,-1.0
7,91,75,0.0,-1.0
7,92,76,0.0,-1.0
7,93,77,0.0,-1.0
7,94,78,0.0,-1.0
7,95,79,0.0,-1.0
7,96,112,0.0,-1.0
7,97,113,0.0,-1.0
7,98,114,0.0,-1.0
7,99,115,0.0,-1.0
7,100,116,0.0,-1.0
7,101,117,0.0,-1.0
7,102,118,0.0,-1.0
7,103,119,0.0,-1.0
7,104,120,0.0,-1.0
7,105,121,0.0,-1.0
7,106,122,0.0,-1.0
7,107,123,0.0,-1.0
7,108,124,0.0,-1.0
7,109,125,0.0,-1.0
7,110,126,0.0,-1.0
7,111,127,0.0,-1.0
7,112,96,0.0,1.0
7,113,97,0.0,1.0
7,114,98,0.0,1.0
7,115,99,0.0,1.0
7,116,100,0.0,1.0
7,117,101,0.0,1.0
7,118,102,0.0,1.0
7,119,103,0.0,1.0
7,120,104,0.0,1.0
7,121,105,0.0,1.0
7,122,106,0.0,1.0
7,123,107,0.0,1.0
7,124,108,0.0,1.0
7,125,109,0.0,1.0
7,126,110,0.0,1.0
7,127,111,0.0,1.0
7,128,144,0.0,1.0
7,129,145,0.0,1.0
7,130,146,0.0,1.0
7,131,147,0.0,1.0
7,132,148,0.0,1.0
7,133,149,0.0,1.0
7,134,150,0.0,1.0
7,135,151,0.0,1.0
7,136,152,0.0,1.0
7,137,153,0.0,1.0
7,138,154,0.0,1.0
7,139,155,0.0,1.0
7,140,156,0.0,1.0
7,141,157,0.0,1.0
7,142,158,0.0,1.0
7,143,159,0.0,1.0
7,144,128,0.0,-1.0
7,145,129,0.0,-1.0
7,146,130,0.0,-1.0
7,147,131,0.0,-1.0
7,148,132,0.0,-1.0
7,149,133,0.0,-1.0
7,150,134,0.0,-1.0
7,151,135,0.0,-1.0
7,152,136,0.0,-1.0
7,153,137,0.0,-1.0
7,154,138,0.0,-1.0
7,155,139,0.0,-1.0
7,156,140,0.0,-1.0
7,157,141,0.0,-1.0
7,158,142,0.0,-1.0
7,159,143,0.0,-1.0
7,160,176,0.0,-1.0
7,161,177,0.0,-1.0
7,162,178,0.0,-1.0
7,163,179,0.0,-1.0
7,164,180,0.0,-1.0
7,165,181,0.0,-1.0
7,166,182,0.0,-1.0
7,167,183,0.0,-1.0
7,168,184,0.0,-1.0
7,169,185,0.0,-1.0
7,170,186,0.0,-1.0
7,171,187,0.0,-1.0
7,172,188,0.0,-1.0
7,173,189,0.0,-1.0
7,174,190,0.0,-1.0
7,175,191,0.0,-1.0
7,176,160,0.0,1.0
7,177,161,0.0,1.0
7,178,162,0.0,1.0
7,179,163,0.0,1.0
7,180,164,0.0,1.0
7,181,165,0.0,1.0
7,182,166,0.0,1.0
7,183,167,0.0,1.0
7,184,168,0.0,1.0
7,185,169,0.0,1.0
7,186,170,0.0,1.0
7,187,171,0.0,1.0
7,188,172,0.0,1.0
7,189,173,0.0,1.0
7,190,174,0.0,1.0
7,191,175,0.0,1.0
7,192,208,0.0,-1.0
7,193,209,0.0,-1.0
7,194,210,0.0,-1.0
7,195,211,0.0,-1.0
7,196,212,0.0,-1.0
7,197,213,0.0,-1.0
7,198,214,0.0,-1.0
7,199,215,0.0,-1.0
7,200,216,0.0,-1.0
7,201,217,0.0,-1.0
7,202,218,0.0,-1.0
7,203,219,0.0,-1.0
7,204,220,0.0,-1.0
7,205,221,0.0,-1.0
7,206,222,0.0,-1.0
7,207,223,0.0,-1.0
7,208,192,0.0,1.0
7,209,193,0.0,1.0
7,210,194,0.0,1.0
7,211,195,0.0,1.0
7,212,196,0.0,1.0
7,213,197,0.0,1.0
7,214,198,0.0,1.0
7,215,199,0.0,1.0
7,216,200,0.0,1.0
7,217,201,0.0,1.0
7,218,202,0.0,1.0
7,219,203,0.0,1.0
7,220,204,0.0,1.0
7,221,205,0.0,1.0
7,222,206,0.0,1.0
7,223,207,0.0,1.0
7,224,240,0.0,1.0
7,225,241,0.0,1.0
7,226,242,0.0,1.0
7,227,243,0.0,1.0
7,228,244,0.0,1.0
7,229,245,0.0,1.0
7,230,246,0.0,1.0
7,231,247,0.0,1.0
7,232,248,0.0,1.0
7,233,249,0.0,1.0
7,234,250,0.0,1.0
7,235,251,0.0,1.0
7,236,252,0.0,1.0
7,237,253,0.0,1.0
7,238,254,0.0,1.0
7,239,255,0.0,1.0
7,240,224,0.0,-1.0
7,241,225,0.0,-1.0
7,242,226,0.0,-1.0
7,243,227,0.0,-1.0
7,244,228,0.0,-1.0
7,245,229,0.0,-1.0
7,246,230,0.0,-1.0
7,247,231,0.0,-1.0
7,248,232,0.0,-1.0
7,249,233,0.0,-1.0
7,250,234,0.0,-1.0
7,251,235,0.0,-1.0
7,252,236,0.0,-1.0
7,253,237,0.0,-1.0
7,254,238,0.0,-1.0
7,255,239,0.0,-1.0
8,0,8,1.0,0.0
8,1,9,1.0,0.0
8,2,10,1.0,0.0
8,3,11,1.0,0.0
8,4,12,1.0,0.0
8,5,13,1.0,0.0
8,6,14,1.0,0.0
8,7,15,1.0,0.0
8,8,0,1.0,0.0
8,9,1,1.0,0.0
8,10,2,1.0,0.0
8,11,3,1.0,0.0
8,12,4,1.0,0.0
8,13,5,1.0,0.0
8,14,6,1.0,0.0
8,15,7,1.0,0.0
8,16,24,-1.0,0.0
8,17,25,-1.0,0.0
8,18,26,-1.0,0.0
8,19,27,-1.0,0.0
8,20,28,-1.0,0.0
8,21,29,-1.0,0.0
8,22,30,-1.0,0.0
8,23,31,-1.0,0.0
8,24,16,-1.0,0.0
8,25,17,-1.0,0.0
8,26,18,-1.0,0.0
8,27,19,-1.0,0.0
8,28,20,-1.0,0.0
8,29,21,-1.0,0.0
8,30,22,-1.0,0.0
8,31,23,-1.0,0.0
8,32,40,-1.0,0.0
8,33,41,-1.0,0.0
8,34,42,-1.0,0.0
8,35,43,-1.0,0.0
8,36,44,-1.0,0.0
8,37,45,-1.0,0.0
8,38,46,-1.0,0.0
8,39,47,-1.0,0.0
8,40,32,-1.0,0.0
8,41,33,-1.0,0.0
8,42,34,-1.0,0.0
8,43,35,-1.0,0.0
8,44,36,-1.0,0.0
8,45,37,-1.0,0.0
8,46,38,-1.0,0.0
8,47,39,-1.0,0.0
8,48,56,1.0,0.0
8,49,57,1.0,0.0
8,50,58,1.0,0.0
8,51,59,1.0,0.0
8,52,60,1.0,0.0
8,53,61,1.0,0.0
8,54,62,1.0,0.0
8,55,63,1.0,0.0
8,56,48,1.0,0.0
8,57,49,1.0,0.0
8,58,50,1.0,0.0
8,59,51,1.0,0.0
8,60,52,1.0,0.0
8,61,53,1.0,0.0
8,62,54,1.0,0.0
8,63,55,1.0,0.0
8,64,72,-1.0,0.0
8,65,73,-1.0,0.0
8,66,74,-1.0,0.0
8,67,75,-1.0,0.0
8,68,76,-1.0,0.0
8,69,77,-1.0,0.0
8,70,78,-1.0,0.0
8,71,79,-1.0,0.0
8,72,64,-1.0,0.0
8,73,65,-1.0,0.0
8,74,66,-1.0,0.0
8,75,67,-1.0,0.0
8,76,68,-1.0,0.0
8,77,69,-1.0,0.0
8,78,70,-1.0,0.0
8,79,71,-1.0,0.0
8,80,88,1.0,0.0
8,81,89,1.0,0.0
8,82,90,1.0,0.0
8,83,91,1.0,0.0
8,84,92,1.0,0.0
8,85,93,1.0,0.0
8,86,94,1.0,0.0
8,87,95,1.0,0.0
8,88,80,1.0,0.0
8,89,81,1.0,0.0
8,90,82,1.0,0.0
8,91,83,1.0,0.0
8,92,84,1.0,0.0
8,93,85,1.0,0.0
8,94,86,1.0,0.0
8,95,87,1.0,0.0
8,96,104,1.0,0.0
8,97,105,1.0,0.0
8,98,106,1.0,0.0
8,99,107,1.0,0.0
8,100,108,1.0,0.0
8,101,109,1.0,0.0
8,102,110,1.0,0.0
8,103,111,1.0,0.0
8,104,96,1.0,0.0
8,105,97,1.0,0.0
8,106,98,1.0,0.0
8,107,99,1.0,0.0
8,108,100,1.0,0.0
8,109,101,1.0,0.0
8,110,102,1.0,0.0
8,111,103,1.0,0.0
8,112,120,-1.0,0.0
8,113,121,-1.0,0.0
8,114,122,-1.0,0.0
8,115,123,-1.0,0.0
8,116,124,-1.0,0.0
8,117,125,-1.0,0.0
8,118,126,-1.0,0.0
8,119,127,-1.0,0.0
8,120,112,-1.0,0.0
8,121,113,-1.0,0.0
8,122,114,-1.0,0.0
8,123,115,-1.0,0.0
8,124,116,-1.0,0.0
8,125,117,-1.0,0.0
8,126,118,-1.0,0.0
8,127,119,-1.0,0.0
8,128,136,-1.0,0.0
8,129,137,-1.0,0.0
8,130,138,-1.0,0.0
8,131,139,-1.0,0.0
8,132,140,-1.0,0.0
8,133,141,-1.0,0.0
8,134,142,-1.0,0.0
8,135,143,-1.0,0.0
8,136,128,-1.0,0.0
8,137,129,-1.0,0.0
8,138,130,-1.0,0.0
8,139,131,-1.0,0.0
8,140,132,-1.0,0.0
8,141,133,-1.0,0.0
8,142,134,-1.0,0.0
8,143,135,-1.0,0.0
8,144,152,1.0,0.0
8,145,153,1.0,0.0
8,146,154,1.0,0.0
8,147,155,1.0,0.0
8,148,156,1.0,0.0
8,149,157,1.0,0.0
8,150,158,1.0,0.0
8,151,159,1.0,0.0
8,152,144,1.0,0.0
8,153,145,1.0,0.0
8,154,146,1.0,0.0
8,155,147,1.0,0.0
8,156,148,1.0,0.0
8,157,149,1.0,0.0
8,158,150,1.0,0.0
8,159,151,1.0,0.0
8,160,168,1.0,0.0
8,161,169,1.0,0.0
8,162,170,1.0,0.0
8,163,171,1.0,0.0
8,164,172,1.0,0.0
8,165,173,1.0,0.0
8,166,174,1.0,0.0
8,167,175,1.0,0.0
8,168,160,1.0,0.0
8,169,161,1.0,0.0
8,170,162,1.0,0.0
8,171,163,1.0,0.0
8,172,164,1.0,0.0
8,173,165,1.0,0.0
8,174,166,1.0,0.0
8,175,167,1.0,0.0
8,176,184,-1.0,0.0
8,177,185,-1.0,0.0
8,178,186,-1.0,0.0
8,179,187,-1.0,0.0
8,180,188,-1.0,0.0
8,181,189,-1.0,0.0
8,182,190,-1.0,0.0
8,183,191,-1.0,0.0
8,184,176,-1.0,0.0
8,185,177,-1.0,0.0
8,186,178,-1.0,0.0
8,187,179,-1.0,0.0
8,188,180,-1.0,0.0
8,189,181,-1.0,0.0
8,190,182,-1.0,0.0
8,191,183,-1.0,0.0
8,192,200,1.0,0.0
8,193,201,1.0,0.0
8,194,202,1.0,0.0
8,195,203,1.0,0.0
8,196,204,1.0,0.0
8,197,205,1.0,0.0
8,198,206,1.0,0.0
8,199,207,1.0,0.0
8,200,192,1.0,0.0
8,201,193,1.0,0.0
8,202,194,1.0,0.0
8,203,195,1.0,0.0
8,204,196,1.0,0.0
8,205,197,1.0,0.0
8,206,198,1.0,0.0
8,207,199,1.0,0.0
8,208,216,-1.0,0.0
8,209,217,-1.0,0.0
8,210,218,-1.0,0.0
8,211,219,-1.0,0.0
8,212,220,-1.0,0.0
8,213,221,-1.0,0.0
8,214,222,-1.0,0.0
8,215,223,-1.0,0.0
8,216,208,-1.0,0.0
8,217,209,-1.0,0.0
8,218,210,-1.0,0.0
8,219,211,-1.0,0.0
8,220,212,-1.0,0.0
8,221,213,-1.0,0.0
8,222,214,-1.0,0.0
8,223,215,-1.0,0.0
8,224,232,-1.0,0.0
8,225,233,-1.0,0.0
8,226,234,-1.0,0.0
8,227,235,-1.0,0.0
8,228,236,-1.0,0.0
8,229,237,-1.0,0.0
8,230,238,-1.0,0.0
8,231,239,-1.0,0.0
8,232,224,-1.0,0.0
8,233,225,-1.0,0.0
8,234,226,-1.0,0.0
8,235,227,-1.0,0.0
8,236,228,-1.0,0.0
8,237,229,-1.0,0.0
8,238,230,-1.0,0.0
8,239,231,-1.0,0.0
8,240,248,1.0,0.0
8,241,249,1.0,0.0
8,242,250,1.0,0.0
8,243,251,1.0,0.0
8,244,252,1.0,0.0
8,245,253,1.0,0.0
8,246,254,1.0,0.0
8,247,255,1.0,0.0
8,248,240,1.0,0.0
8,249,241,1.0,0.0
8,250,242,1.0,0.0
8,251,243,1.0,0.0
8,252,244,1.0,0.0
8,253,245,1.0,0.0
8,254,246,1.0,0.0
8,255,247,1.0,0.0
9,0,8,0.0,-1.0
9,1,9,0.0,-1.0
9,2,10,0.0,-1.0
9,3,11,0.0,-1.0
9,4,12,0.0,-1.0
9,5,13,0.0,-1.0
9,6,14,0.0,-1.0
9,7,15,0.0,-1.0
9,8,0,0.0,1.0
9,9,1,0.0,1.0
9,10,2,0.0,1.0
9,11,3,0.0,1.0
9,12,4,0.0,1.0
9,13,5,0.0,1.0
9,14,6,0.0,1.0
9,15,7,0.0,1.0
9,16,24,0.0,1.0
9,17,25,0.0,1.0
9,18,26,0.0,1.0
9,19,27,0.0,1.0
9,20,28,0.0,1.0
9,21,29,0.0,1.0
9,22,30,0.0,1.0
9,23,31,0.0,1.0
9,24,16,0.0,-1.0
9,25,17,0.0,-1.0
9,26,18,0.0,-1.0
9,27,19,0.0,-1.0
9,28,20,0.0,-1.0
9,29,21,0.0,-1.0
9,30,22,0.0,-1.0
9,31,23,0.0,-1.0
9,32,40,0.0,1.0
9,33,41,0.0,1.0
9,34,42,0.0,1.0
9,35,43,0.0,1.0
9,36,44,0.0,1.0
9,37,45,0.0,1.0
9,38,46,0.0,1.0
9,39,47,0.0,1.0
9,40,32,0.0,-1.0
9,41,33,0.0,-1.0
9,42,34,0.0,-1.0
9,43,35,0.0,-1.0
9,44,36,0.0,-1.0
9,45,37,0.0,-1.0
9,46,38,0.0,-1.0
9,47,39,0.0,-1.0
9,48,56,0.0,-1.0
9,49,57,0.0,-1.0
9,50,58,0.0,-1.0
9,51,59,0.0,-1.0
9,52,60,0.0,-1.0
9,53,61,0.0,-1.0
9,54,62,0.0,-1.0
9,55,63,0.0,-1.0
9,56,48,0.0,1.0
9,57,49,0.0,1.0
9,58,50,0.0,1.0
9,59,51,0.0,1.0
9,60,52,0.0,1.0
9,61,53,0.0,1.0
9,62,54,0.0,1.0
9,63,55,0.0,1.0
9,64,72,0.0,1.0
9,65,73,0.0,1.0
9,66,74,0.0,1.0
9,67,75,0.0,1.0
9,68,76,0.0,1.0
9,69,77,0.0,1.0
9,70,78,0.0,1.0
9,71,79,0.0,1.0
9,72,64,0.0,-1.0
9,73,65,0.0,-1.0
9,74,66,0.0,-1.0
9,75,67,0.0,-1.0
9,76,68,0.0,-1.0
9,77,69,0.0,-1.0
9,78,70,0.0,-1.0
9,79,71,0.0,-1.0
9,80,88,0.0,-1.0
9,81,89,0.0,-1.0
9,82,90,0.0,-1.0
9,83,91,0.0,-1.0
9,84,92,0.0,-1.0
9,85,93,0.0,-1.0
9,86,94,0.0,-1.0
9,87,95,0.0,-1.0
9,88,80,0.0,1.0
9,89,81,0.0,1.0
9,90,82,0.0,1.0
9,91,83,0.0,1.0
9,92,84,0.0,1.0
9,93,85,0.0,1.0
9,94,86,0.0,1.0
9,95,87,0.0,1.0
9,96,104,0.0,-1.0
9,97,105,0.0,-1.0
9,98,106,0.0,-1.0
9,99,107,0.0,-1.0
9,100,108,0.0,-1.0
9,101,109,0.0,-1.0
9,102,110,0.0,-1.0
9,103,111,0.0,-1.0
9,104,96,0.0,1.0
9,105,97,0.0,1.0
9,106,98,0.0,1.0
9,107,99,0.0,1.0
9,108,100,0.0,1.0
9,109,101,0.0,1.0
9,110,102,0.0,1.0
9,111,103,0.0,1.0
9,112,120,0.0,1.0
9,113,121,0.0,1.0
9,114,122,0.0,1.0
9,115,123,0.0,1.0
9,116,124,0.0,1.0
9,117,125,0.0,1.0
9,118,126,0.0,1.0
9,119,127,0.0,1.0
9,120,112,0.0,-1.0
9,121,113,0.0,-1.0
9,122,114,0.0,-1.0
9,123,115,0.0,-1.0
9,124,116,0.0,-1.0
9,125,117,0.0,-1.0
9,126,118,0.0,-1.0
9,127,119,0.0,-1.0
9,128,136,0.0,1.0
9,129,137,0.0,1.0
9,130,138,0.0,1.0
9,131,139,0.0,1.0
9,132,140,0.0,1.0
9,133,141,0.0,1.0
9,134,142,0.0,1.0
9,135,143,0.0,1.0
9,136,128,0.0,-1.0
9,137,129,0.0,-1.0
9,138,130,0.0,-1.0
9,139,131,0.0,-1.0
9,140,132,0.0,-1.0
9,141,133,0.0,-1.0
9,142,134,0.0,-1.0
9,143,135,0.0,-1.0
9,144,152,0.0,-1.0
9,145,153,0.0,-1.0
9,146,154,0.0,-1.0
9,147,155,0.0,-1.0
9,148,156,0.0,-1.0
9,149,157,0.0,-1.0
9,150,158,0.0,-1.0
9,151,159,0.0,-1.0
9,152,144,0.0,1.0
9,153,145,0.0,1.0
9,154,146,0.0,1.0
9,155,147,0.0,1.0
9,156,148,0.0,1.0
9,157,149,0.0,1.0
9,158,150,0.0,1.0
9,159,151,0.0,1.0
9,160,168,0.0,-1.0
9,161,169,0.0,-1.0
9,162,170,0.0,-1.0
9,163,171,0.0,-1.0
9,164,172,0.0,-1.0
9,165,173,0.0,-1.0
9,166,174,0.0,-1.0
9,167,175,0.0,-1.0
9,168,160,0.0,1.0
9,169,161,0.0,1.0
9,170,162,0.0,1.0
9,171,163,0.0,1.0
9,172,164,0.0,1.0
9,173,165,0.0,1.0
9,174,166,0.0,1.0
9,175,167,0.0,1.0
9,176,184,0.0,1.0
9,177,185,0.0,1.0
9,178,186,0.0,1.0
9,179,187,0.0,1.0
9,180,188,0.0,1.0
9,181,189,0.0,1.0
9,182,190,0.0,1.0
9,183,191,0.0,1.0
9,184,176,0.0,-1.0
9,185,177,0.0,-1.0
9,186,178,0.0,-1.0
9,187,179,0.0,-1.0
9,188,180,0.0,-1.0
9,189,181,0.0,-1.0
9,190,182,0.0,-1.0
9,191,183,0.0,-1.0
9,192,200,0.0,-1.0
9,193,201,0.0,-1.0
9,194,202,0.0,-1.0
9,195,203,0.0,-1.0
9,196,204,0.0,-1.0
9,197,205,0.0,-1.0
9,198,206,0.0,-1.0
9,199,207,0.0,-1.0
9,200,192,0.0,1.0
9,201,193,0.0,1.0
9,202,194,0.0,1.0
9,203,195,0.0,1.0
9,204,196,0.0,1.0
9,205,197,0.0,1.0
9,206,198,0.0,1.0
9,207,199,0.0,1.0
9,208,216,0.0,1.0
9,209,217,0.0,1.0
9,210,218,0.0,1.0
9,211,219,0.0,1.0
9,212,220,0.0,1.0
9,213,221,0.0,1.0
9,214,222,0.0,1.0
9,215,223,0.0,1.0
9,216,208,0.0,-1.0
9,217,209,0.0,-1.0
9,218,210,0.0,-1.0
9,219,211,0.0,-1.0
9,220,212,0.0,-1.0
9,221,213,0.0,-1.0
9,222,214,0.0,-1.0
9,223,215,0.0,-1.0
9,224,232,0.0,1.0
9,225,233,0.0,1.0
9,226,234,0.0,1.0
9,227,235,0.0,1.0
9,228,236,0.0,1.0
9,229,237,0.0,1.0
9,230,238,0.0,1.0
9,231,239,0.0,1.0
9,232,224,0.0,-1.0
9,233,225,0.0,-1.0
9,234,226,0.0,-1.0
9,235,227,0.0,-1.0
9,236,228,0.0,-1.0
9,237,229,0.0,-1.0
9,238,230,0.0,-1.0
9,239,231,0.0,-1.0
9,240,248,0.0,-1.0
9,241,249,0.0,-1.0
9,242,250,0.0,-1.0
9,243,251,0.0,-1.0
9,244,252,0.0,-1.0
9,245,253,0.0,-1.0
9,246,254,0.0,-1.0
9,247,255,0.0,-1.0
9,248,240,0.0,1.0
9,249,241,0.0,1.0
9,250,242,0.0,1.0
9,251,243,0.0,1.0
9,252,244,0.0,1.0
9,253,245,0.0,1.0
9,254,246,0.0,1.0
9,255,247,0.0,1.0
10,0,4,1.0,0.0
10,1,5,1.0,0.0
10,2,6,1.0,0.0
10,3,7,1.0,0.0
10,4,0,1.0,0.0
10,5,1,1.0,0.0
10,6,2,1.0,0.0
10,7,3,1.0,0.0
10,8,12,-1.0,0.0
10,9,13,-1.0,0.0
10,10,14,-1.0,0.0
10,11,15,-1.0,0.0
10,12,8,-1.0,0.0
10,13,9,-1.0,0.0
10,14,10,-1.0,0.0
10,15,11,-1.0,0.0
10,16,20,-1.0,0.0
10,17,21,-1.0,0.0
10,18,22,-1.0,0.0
10,19,23,-1.0,0.0
10,20,16,-1.0,0.0
10,21,17,-1.0,0.0
10,22,18,-1.0,0.0
10,23,19,-1.0,0.0
10,24,28,1.0,0.0
10,25,29,1.0,0.0
10,26,30,1.0,0.0
10,27,31,1.0,0.0
10,28,24,1.0,0.0
10,29,25,1.0,0.0
10,30,26,1.0,0.0
10,31,27,1.0,0.0
10,32,36,-1.0,0.0
10,33,37,-1.0,0.0
10,34,38,-1.0,0.0
10,35,39,-1.0,0.0
10,36,32,-1.0,0.0
10,37,33,-1.0,0.0
10,38,34,-1.0,0.0
10,39,35,-1.0,0.0
10,40,44,1.0,0.0
10,41,45,1.0,0.0
10,42,46,1.0,0.0
10,43,47,1.0,0.0
10,44,40,1.0,0.0
10,45,41,1.0,0.0
10,46,42,1.0,0.0
10,47,43,1.0,0.0
10,48,52,1.0,0.0
10,49,53,1.0,0.0
10,50,54,1.0,0.0
10,51,55,1.0,0.0
10,52,48,1.0,0.0
10,53,49,1.0,0.0
10,54,50,1.0,0.0
10,55,51,1.0,0.0
10,56,60,-1.0,0.0
10,57,61,-1.0,0.0
10,58,62,-1.0,0.0
10,59,63,-1.0,0.0
10,60,56,-1.0,0.0
10,61,57,-1.0,0.0
10,62,58,-1.0,0.0
10,63,59,-1.0,0.0
10,64,68,-1.0,0.0
10,65,69,-1.0,0.0
10,66,70,-1.0,0.0
10,67,71,-1.0,0.0
10,68,64,-1.0,0.0
10,69,65,-1.0,0.0
10,70,66,-1.0,0.0
10,71,67,-1.0,0.0
10,72,76,1.0,0.0
10,73,77,1.0,0.0
10,74,78,1.0,0.0
10,75,79,1.0,0.0
10,76,72,1.0,0.0
10,77,73,1.0,0.0
10,78,74,1.0,0.0
10,79,75,1.0,0.0
10,80,84,1.0,0.0
10,81,85,1.0,0.0
10,82,86,1.0,0.0
10,83,87,1.0,0.0
10,84,80,1.0,0.0
10,85,81,1.0,0.0
10,86,82,1.0,0.0
10,87,83,1.0,0.0
10,88,92,-1.0,0.0
10,89,93,-1.0,0.0
10,90,94,-1.0,0.0
10,91,95,-1.0,0.0
10,92,88,-1.0,0.0
10,93,89,-1.0,0.0
10,94,90,-1.0,0.0
10,95,91,-1.0,0.0
10,96,100,1.0,0.0
10,97,101,1.0,0.0
10,98,102,1.0,0.0
10,99,103,1.0,0.0
10,100,96,1.0,0.0
10,101,97,1.0,0.0
10,102,98,1.0,0.0
10,103,99,1.0,0.0
10,104,108,-1.0,0.0
10,105,109,-1.0,0.0
10,106,110,-1.0,0.0
10,107,111,-1.0,0.0
10,108,104,-1.0,0.0
10,109,105,-1.0,0.0
10,110,106,-1.0,0.0
10,111,107,-1.0,0.0
10,112,116,-1.0,0.0
10,113,117,-1.0,0.0
10,114,118,-1.0,0.0
10,115,119,-1.0,0.0
10,116,112,-1.0,0.0
10,117,113,-1.0,0.0
10,118,114,-1.0,0.0
10,119,115,-1.0,0.0
10,120,124,1.0,0.0
10,121,125,1.0,0.0
10,122,126,1.0,0.0
10,123,127,1.0,0.0
10,124,120,1.0,0.0
10,125,121,1.0,0.0
10,126,122,1.0,0.0
10,127,123,1.0,0.0
10,128,132,-1.0,0.0
10,129,133,-1.0,0.0
10,130,134,-1.0,0.0
10,131,135,-1.0,0.0
10,132,128,-1.0,0.0
10,133,129,-1.0,0.0
10,134,130,-1.0,0.0
10,135,131,-1.0,0.0
10,136,140,1.0,0.0
10,137,141,1.0,0.0
10,138,142,1.0,0.0
10,139,143,1.0,0.0
10,140,136,1.0,0.0
10,141,137,1.0,0.0
10,142,138,1.0,0.0
10,143,139,1.0,0.0
10,144,148,1.0,0.0
10,145,149,1.0,0.0
10,146,150,1.0,0.0
10,147,151,1.0,0.0
10,148,144,1.0,0.0
10,149,145,1.0,0.0
10,150,146,1.0,0.0
10,151,147,1.0,0.0
10,152,156,-1.0,0.0
10,153,157,-1.0,0.0
10,154,158,-1.0,0.0
10,155,159,-1.0,0.0
10,156,152,-1.0,0.0
10,157,153,-1.0,0.0
10,158,154,-1.0,0.0
10,159,155,-1.0,0.0
10,160,164,1.0,0.0
10,161,165,1.0,0.0
10,162,166,1.0,0.0
10,163,167,1.0,0.0
10,164,160,1.0,0.0
10,165,161,1.0,0.0
10,166,162,1.0,0.0
10,167,163,1.0,0.0
10,168,172,-1.0,0.0
10,169,173,-1.0,0.0
10,170,174,-1.0,0.0
10,171,175,-1.0,0.0
10,172,168,-1.0,0.0
10,173,169,-1.0,0.0
10,174,170,-1.0,0.0
10,175,171,-1.0,0.0
10,176,180,-1.0,0.0
10,177,181,-1.0,0.0
10,178,182,-1.0,0.0
10,179,183,-1.0,0.0
10,180,176,-1.0,0.0
10,181,177,-1.0,0.0
10,182,178,-1.0,0.0
10,183,179,-1.0,0.0
10,184,188,1.0,0.0
10,185,189,1.0,0.0
10,186,190,1.0,0.0
10,187,191,1.0,0.0
10,188,184,1.0,0.0
10,189,185,1.0,0.0
10,190,186,1.0,0.0
10,191,187,1.0,0.0
10,192,196,1.0,0.0
10,193,197,1.0,0.0
10,194,198,1.0,0.0
10,195,199,1.0,0.0
10,196,192,1.0,0.0
10,197,193,1.0,0.0
10,198,194,1.0,0.0
10,199,195,1.0,0.0
10,200,204,-1.0,0.0
10,201,205,-1.0,0.0
10,202,206,-1.0,0.0
10,203,207,-1.0,0.0
10,204,200,-1.0,0.0
10,205,201,-1.0,0.0
10,206,202,-1.0,0.0
10,207,203,-1.0,0.0
10,208,212,-1.0,0.0
10,209,213,-1.0,0.0
10,210,214,-1.0,0.0
10,211,215,-1.0,0.0
10,212,208,-1.0,0.0
10,213,209,-1.0,0.0
10,214,210,-1.0,0.0
10,215,211,-1.0,0.0
10,216,220,1.0,0.0
10,217,221,1.0,0.0
10,218,222,1.0,0.0
10,219,223,1.0,0.0
10,220,216,1.0,0.0
10,221,217,1.0,0.0
10,222,218,1.0,0.0
10,223,219,1.0,0.0
10,224,228,-1.0,0.0
10,225,229,-1.0,0.0
10,226,230,-1.0,0.0
10,227,231,-1.0,0.0
10,228,224,-1.0,0.0
10,229,225,-1.0,0.0
10,230,226,-1.0,0.0
10,231,227,-1.0,0.0
10,232,236,1.0,0.0
10,233,237,1.0,0.0
10,234,238,1.0,0.0
10,235,239,1.0,0.0
10,236,232,1.0,0.0
10,237,233,1.0,0.0
10,238,234,1.0,0.0
10,239,235,1.0,0.0
10,240,244,1.0,0.0
10,241,245,1.0,0.0
10,242,246,1.0,0.0
10,243,247,1.0,0.0
10,244,240,1.0,0.0
10,245,241,1.0,0.0
10,246,242,1.0,0.0
10,247,243,1.0,0.0
10,248,252,-1.0,0.0
10,249,253,-1.0,0.0
10,250,254,-1.0,0.0
10,251,255,-1.0,0.0
10,252,248,-1.0,0.0
10,253,249,-1.0,0.0
10,254,250,-1.0,0.0
10,255,251,-1.0,0.0
11,0,4,0.0,-1.0
11,1,5,0.0,-1.0
11,2,6,0.0,-1.0
11,3,7,0.0,-1.0
11,4,0,0.0,1.0
11,5,1,0.0,1.0
11,6,2,0.0,1.0
11,7,3,0.0,1.0
11,8,12,0.0,1.0
11,9,13,0.0,1.0
11,10,14,0.0,1.0
11,11,15,0.0,1.0
11,12,8,0.0,-1.0
11,13,9,0.0,-1.0
11,14,10,0.0,-1.0
11,15,11,0.0,-1.0
11,16,20,0.0,1.0
11,17,21,0.0,1.0
11,18,22,0.0,1.0
11,19,23,0.0,1.0
11,20,16,0.0,-1.0
11,21,17,0.0,-1.0
11,22,18,0.0,-1.0
11,23,19,0.0,-1.0
11,24,28,0.0,-1.0
11,25,29,0.0,-1.0
11,26,30,0.0,-1.0
11,27,31,0.0,-1.0
11,28,24,0.0,1.0
11,29,25,0.0,1.0
11,30,26,0.0,1.0
11,31,27,0.0,1.0
11,32,36,0.0,1.0
11,33,37,0.0,1.0
11,34,38,0.0,1.0
11,35,39,0.0,1.0
11,36,32,0.0,-1.0
11,37,33,0.0,-1.0
11,38,34,0.0,-1.0
11,39,35,0.0,-1.0
11,40,44,0.0,-1.0
11,41,45,0.0,-1.0
11,42,46,0.0,-1.0
11,43,47,0.0,-1.0
11,44,40,0.0,1.0
11,45,41,0.0,1.0
11,46,42,0.0,1.0
11,47,43,0.0,1.0
11,48,52,0.0,-1.0
11,49,53,0.0,-1.0
11,50,54,0.0,-1.0
11,51,55,0.0,-1.0
11,52,48,0.0,1.0
11,53,49,0.0,1.0
11,54,50,0.0,1.0
11,55,51,0.0,1.0
11,56,60,0.0,1.0
11,57,61,0.0,1.0
11,58,62,0.0,1.0
11,59,63,0.0,1.0
11,60,56,0.0,-1.0
11,61,57,0.0,-1.0
11,62,58,0.0,-1.0
11,63,59,0.0,-1.0
11,64,68,0.0,1.0
11,65,69,0.0,1.0
11,66,70,0.0,1.0
11,67,71,0.0,1.0
11,68,64,0.0,-1.0
11,69,65,0.0,-1.0
11,70,66,0.0,-1.0
11,71,67,0.0,-1.0
11,72,76,0.0,-1.0
11,73,77,0.0,-1.0
11,74,78,0.0,-1.0
11,75,79,0.0,-1.0
11,76,72,0.0,1.0
11,77,73,0.0,1.0
11,78,74,0.0,1.0
11,79,75,0.0,1.0
11,80,84,0.0,-1.0
11,81,85,0.0,-1.0
11,82,86,0.0,-1.0
11,83,87,0.0,-1.0
11,84,80,0.0,1.0
11,85,81,0.0,1.0
11,86,82,0.0,1.0
11,87,83,0.0,1.0
11,88,92,0.0,1.0
11,89,93,0.0,1.0
11,90,94,0.0,1.0
11,91,95,0.0,1.0
11,92,88,0.0,-1.0
11,93,89,0.0,-1.0
11,94,90,0.0,-1.0
11,95,91,0.0,-1.0
11,96,100,0.0,-1.0
11,97,101,0.0,-1.0
11,98,102,0.0,-1.0
11,99,103,0.0,-1.0
11,100,96,0.0,1.0
11,101,97,0.0,1.0
11,102,98,0.0,1.0
11,103,99,0.0,1.0
11,104,108,0.0,1.0
11,105,109,0.0,1.0
11,106,110,0.0,1.0
11,107,111,0.0,1.0
11,108,104,0.0,-1.0
11,109,105,0.0,-1.0
11,110,106,0.0,-1.0
11,111,107,0.0,-1.0
11,112,116,0.0,1.0
11,113,117,0.0,1.0
11,114,118,0.0,1.0
11,115,119,0.0,1.0
11,116,112,0.0,-1.0
11,117,113,0.0,-1.0
11,118,114,0.0,-1.0
11,119,115,0.0,-1.0
11,120,124,0.0,-1.0
11,121,125,0.0,-1.0
11,122,126,0.0,-1.0
11,123,127,0.0,-1.0
11,124,120,0.0,1.0
11,125,121,0.0,1.0
11,126,122,0.0,1.0
11,127,123,0.0,1.0
11,128,132,0.0,1.0
11,129,133,0.0,1.0
11,130,134,0.0,1.0
11,131,135,0.0,1.0
11,132,128,0.0,-1.0
11,133,129,0.0,-1.0
11,134,130,0.0,-1.0
11,135,131,0.0,-1.0
11,136,140,0.0,-1.0
11,137,141,0.0,-1.0
11,138,142,0.0,-1.0
11,139,143,0.0,-1.0
11,140,136,0.0,1.0
11,141,137,0.0,1.0
11,142,138,0.0,1.0
11,143,139,0.0,1.0
11,144,148,0.0,-1.0
11,145,149,0.0,-1.0
11,146,150,0.0,-1.0
11,147,151,0.0,-1.0
11,148,144,0.0,1.0
11,149,145,0.0,1.0
11,150,146,0.0,1.0
11,151,147,0.0,1.0
11,152,156,0.0,1.0
11,153,157,0.0,1.0
11,154,158,0.0,1.0
11,155,159,0.0,1.0
11,156,152,0.0,-1.0
11,157,153,0.0,-1.0
11,158,154,0.0,-1.0
11,159,155,0.0,-1.0
11,160,164,0.0,-1.0
11,161,165,0.0,-1.0
11,162,166,0.0,-1.0
11,163,167,0.0,-1.0
11,164,160,0.0,1.0
11,165,161,0.0,1.0
11,166,162,0.0,1.0
11,167,163,0.0,1.0
11,168,172,0.0,1.0
11,169,173,0.0,1.0
11,170,174,0.0,1.0
11,171,175,0.0,1.0
11,172,168,0.0,-1.0
11,173,169,0.0,-1.0
11,174,170,0.0,-1.0
11,175,171,0.0,-1.0
11,176,180,0.0,1.0
11,177,181,0.0,1.0
11,178,182,0.0,1.0
11,179,183,0.0,1.0
11,180,176,0.0,-1.0
11,181,177,0.0,-1.0
11,182,178,0.0,-1.0
11,183,179,0.0,-1.0
11,184,188,0.0,-1.0
11,185,189,0.0,-1.0
11,186,190,0.0,-1.0
11,187,191,0.0,-1.0
11,188,184,0.0,1.0
11,189,185,0.0,1.0
11,190,186,0.0,1.0
11,191,187,0.0,1.0
11,192,196,0.0,-1.0
11,193,197,0.0,-1.0
11,194,198,0.0,-1.0
11,195,199,0.0,-1.0
11,196,192,0.0,1.0
11,197,193,0.0,1.0
11,198,194,0.0,1.0
11,199,195,0.0,1.0
11,200,204,0.0,1.0
11,201,205,0.0,1.0
11,202,206,0.0,1.0
11,203,207,0.0,1.0
11,204,200,0.0,-1.0
11,205,201,0.0,-1.0
11,206,202,0.0,-1.0
11,207,203,0.0,-1.0
11,208,212,0.0,1.0
11,209,213,0.0,1.0
11,210,214,0.0,1.0
11,211,215,0.0,1.0
11,212,208,0.0,-1.0
11,213,209,0.0,-1.0
11,214,210,0.0,-1.0
11,215,211,0.0,-1.0
11,216,220,0.0,-1.0
11,217,221,0.0,-1.0
11,218,222,0.0,-1.0
11,219,223,0.0,-1.0
11,220,216,0.0,1.0
11,221,217,0.0,1.0
11,222,218,0.0,1.0
11,223,219,0.0,1.0
11,224,228,0.0,1.0
11,225,229,0.0,1.0
11,226,230,0.0,1.0
11,227,231,0.0,1.0
11,228,224,0.0,-1.0
11,229,225,0.0,-1.0
11,230,226,0.0,-1.0
11,231,227,0.0,-1.0
11,232,236,0.0,-1.0
11,233,237,0.0,-1.0
11,234,238,0.0,-1.0
11,235,239,0.0,-1.0
11,236,232,0.0,1.0
11,237,233,0.0,1.0
11,238,234,0.0,1.0
11,239,235,0.0,1.0
11,240,244,0.0,-1.0
11,241,245,0.0,-1.0
11,242,246,0.0,-1.0
11,243,247,0.0,-1.0
11,244,240,0.0,1.0
11,245,241,0.0,1.0
11,246,242,0.0,1.0
11,247,243,0.0,1.0
11,248,252,0.0,1.0
11,249,253,0.0,1.0
11,250,254,0.0,1.0
11,251,255,0.0,1.0
11,252,248,0.0,-1.0
11,253,249,0.0,-1.0
11,254,250,0.0,-1.0
11,255,251,0.0,-1.0
12,0,2,1.0,0.0
12,1,3,1.0,0.0
12,2,0,1.0,0.0
12,3,1,1.0,0.0
12,4,6,-1.0,0.0
12,5,7,-1.0,0.0
12,6,4,-1.0,0.0
12,7,5,-1.0,0.0
12,8,10,-1.0,0.0
12,9,11,-1.0,0.0
12,10,8,-1.0,0.0
12,11,9,-1.0,0.0
12,12,14,1.0,0.0
12,13,15,1.0,0.0
12,14,12,1.0,0.0
12,15,13,1.0,0.0
12,16,18,-1.0,0.0
12,17,19,-1.0,0.0
12,18,16,-1.0,0.0
12,19,17,-1.0,0.0
12,20,22,1.0,0.0
12,21,23,1.0,0.0
12,22,20,1.0,0.0
12,23,21,1.0,0.0
12,24,26,1.0,0.0
12,25,27,1.0,0.0
12,26,24,1.0,0.0
12,27,25,1.0,0.0
12,28,30,-1.0,0.0
12,29,31,-1.0,0.0
12,30,28,-1.0,0.0
12,31,29,-1.0,0.0
12,32,34,-1.0,0.0
12,33,35,-1.0,0.0
12,34,32,-1.0,0.0
12,35,33,-1.0,0.0
12,36,38,1.0,0.0
12,37,39,1.0,0.0
12,38,36,1.0,0.0
12,39,37,1.0,0.0
12,40,42,1.0,0.0
12,41,43,1.0,0.0
12,42,40,1.0,0.0
12,43,41,1.0,0.0
12,44,46,-1.0,0.0
12,45,47,-1.0,0.0
12,46,44,-1.0,0.0
12,47,45,-1.0,0.0
12,48,50,1.0,0.0
12,49,51,1.0,0.0
12,50,48,1.0,0.0
12,51,49,1.0,0.0
12,52,54,-1.0,0.0
12,53,55,-1.0,0.0
12,54,52,-1.0,0.0
12,55,53,-1.0,0.0
12,56,58,-1.0,0.0
12,57,59,-1.0,0.0
12,58,56,-1.0,0.0
12,59,57,-1.0,0.0
12,60,62,1.0,0.0
12,61,63,1.0,0.0
12,62,60,1.0,0.0
12,63,61,1.0,0.0
12,64,66,-1.0,0.0
12,65,67,-1.0,0.0
12,66,64,-1.0,0.0
12,67,65,-1.0,0.0
12,68,70,1.0,0.0
12,69,71,1.0,0.0
12,70,68,1.0,0.0
12,71,69,1.0,0.0
12,72,74,1.0,0.0
12,73,75,1.0,0.0
12,74,72,1.0,0.0
12,75,73,1.0,0.0
12,76,78,-1.0,0.0
12,77,79,-1.0,0.0
12,78,76,-1.0,0.0
12,79,77,-1.0,0.0
12,80,82,1.0,0.0
12,81,83,1.0,0.0
12,82,80,1.0,0.0
12,83,81,1.0,0.0
12,84,86,-1.0,0.0
12,85,87,-1.0,0.0
12,86,84,-1.0,0.0
12,87,85,-1.0,0.0
12,88,90,-1.0,0.0
12,89,91,-1.0,0.0
12,90,88,-1.0,0.0
12,91,89,-1.0,0.0
12,92,94,1.0,0.0
12,93,95,1.0,0.0
12,94,92,1.0,0.0
12,95,93,1.0,0.0
12,96,98,1.0,0.0
12,97,99,1.0,0.0
12,98,96,1.0,0.0
12,99,97,1.0,0.0
12,100,102,-1.0,0.0
12,101,103,-1.0,0.0
12,102,100,-1.0,0.0
12,103,101,-1.0,0.0
12,104,106,-1.0,0.0
12,105,107,-1.0,0.0
12,106,104,-1.0,0.0
12,107,105,-1.0,0.0
12,108,110,1.0,0.0
12,109,111,1.0,0.0
12,110,108,1.0,0.0
12,111,109,1.0,0.0
12,112,114,-1.0,0.0
12,113,115,-1.0,0.0
12,114,112,-1.0,0.0
12,115,113,-1.0,0.0
12,116,118,1.0,0.0
12,117,119,1.0,0.0
12,118,116,1.0,0.0
12,119,117,1.0,0.0
12,120,122,1.0,0.0
12,121,123,1.0,0.0
12,122,120,1.0,0.0
12,123,121,1.0,0.0
12,124,126,-1.0,0.0
12,125,127,-1.0,0.0
12,126,124,-1.0,0.0
12,127,125,-1.0,0.0
12,128,130,-1.0,0.0
12,129,131,-1.0,0.0
12,130,128,-1.0,0.0
12,131,129,-1.0,0.0
12,132,134,1.0,0.0
12,133,135,1.0,0.0
12,134,132,1.0,0.0
12,135,133,1.0,0.0
12,136,138,1.0,0.0
12,137,139,1.0,0.0
12,138,136,1.0,0.0
12,139,137,1.0,0.0
12,140,142,-1.0,0.0
12,141,143,-1.0,0.0
12,142,140,-1.0,0.0
12,143,141,-1.0,0.0
12,144,146,1.0,0.0
12,145,147,1.0,0.0
12,146,144,1.0,0.0
12,147,145,1.0,0.0
12,148,150,-1.0,0.0
12,149,151,-1.0,0.0
12,150,148,-1.0,0.0
12,151,149,-1.0,0.0
12,152,154,-1.0,0.0
12,153,155,-1.0,0.0
12,154,152,-1.0,0.0
12,155,153,-1.0,0.0
12,156,158,1.0,0.0
12,157,159,1.0,0.0
12,158,156,1.0,0.0
12,159,157,1.0,0.0
12,160,162,1.0,0.0
12,161,163,1.0,0.0
12,162,160,1.0,0.0
12,163,161,1.0,0.0
12,164,166,-1.0,0.0
12,165,167,-1.0,0.0
12,166,164,-1.0,0.0
12,167,165,-1.0,0.0
12,168,170,-1.0,0.0
12,169,171,-1.0,0.0
12,170,168,-1.0,0.0
12,171,169,-1.0,0.0
12,172,174,1.0,0.0
12,173,175,1.0,0.0
12,174,172,1.0,0.0
12,175,173,1.0,0.0
12,176,178,-1.0,0.0
12,177,179,-1.0,0.0
12,178,176,-1.0,0.0
12,179,177,-1.0,0.0
12,180,182,1.0,0.0
12,181,183,1.0,0.0
12,182,180,1.0,0.0
12,183,181,1.0,0.0
12,184,186,1.0,0.0
12,185,187,1.0,0.0
12,186,184,1.0,0.0
12,187,185,1.0,0.0
12,188,190,-1.0,0.0
12,189,191,-1.0,0.0
12,190,188,-1.0,0.0
12,191,189,-1.0,0.0
12,192,194,1.0,0.0
12,193,195,1.0,0.0
12,194,192,1.0,0.0
12,195,193,1.0,0.0
12,196,198,-1.0,0.0
12,197,199,-1.0,0.0
12,198,196,-1.0,0.0
12,199,197,-1.0,0.0
12,200,202,-1.0,0.0
12,201,203,-1.0,0.0
12,202,200,-1.0,0.0
12,203,201,-1.0,0.0
12,204,206,1.0,0.0
12,205,207,1.0,0.0
12,206,204,1.0,0.0
12,207,205,1.0,0.0
12,208,210,-1.0,0.0
12,209,211,-1.0,0.0
12,210,208,-1.0,0.0
12,211,209,-1.0,0.0
12,212,214,1.0,0.0
12,213,215,1.0,0.0
12,214,212,1.0,0.0
12,215,213,1.0,0.0
12,216,218,1.0,0.0
12,217,219,1.0,0.0
12,218,216,1.0,0.0
12,219,217,1.0,0.0
12,220,222,-1.0,0.0
12,221,223,-1.0,0.0
12,222,220,-1.0,0.0
12,223,221,-1.0,0.0
12,224,226,-1.0,0.0
12,225,227,-1.0,0.0
12,226,224,-1.0,0.0
12,227,225,-1.0,0.0
12,228,230,1.0,0.0
12,229,231,1.0,0.0
12,230,228,1.0,0.0
12,231,229,1.0,0.0
12,232,234,1.0,0.0
12,233,235,1.0,0.0
12,234,232,1.0,0.0
12,235,233,1.0,0.0
12,236,238,-1.0,0.0
12,237,239,-1.0,0.0
12,238,236,-1.0,0.0
12,239,237,-1.0,0.0
12,240,242,1.0,0.0
12,241,243,1.0,0.0
12,242,240,1.0,0.0
12,243,241,1.0,0.0
12,244,246,-1.0,0.0
12,245,247,-1.0,0.0
12,246,244,-1.0,0.0
12,247,245,-1.0,0.0
12,248,250,-1.0,0.0
12,249,251,-1.0,0.0
12,250,248,-1.0,0.0
12,251,249,-1.0,0.0
12,252,254,1.0,0.0
12,253,255,1.0,0.0
12,254,252,1.0,0.0
12,255,253,1.0,0.0
13,0,2,0.0,-1.0
13,1,3,0.0,-1.0
13,2,0,0.0,1.0
13,3,1,0.0,1.0
13,4,6,0.0,1.0
13,5,7,0.0,1.0
13,6,4,0.0,-1.0
13,7,5,0.0,-1.0
13,8,10,0.0,1.0
13,9,11,0.0,1.0
13,10,8,0.0,-1.0
13,11,9,0.0,-1.0
13,12,14,0.0,-1.0
13,13,15,0.0,-1.0
13,14,12,0.0,1.0
13,15,13,0.0,1.0
13,16,18,0.0,1.0
13,17,19,0.0,1.0
13,18,16,0.0,-1.0
13,19,17,0.0,-1.0
13,20,22,0.0,-1.0
13,21,23,0.0,-1.0
13,22,20,0.0,1.0
13,23,21,0.0,1.0
13,24,26,0.0,-1.0
13,25,27,0.0,-1.0
13,26,24,0.0,1.0
13,27,25,0.0,1.0
13,28,30,0.0,1.0
13,29,31,0.0,1.0
13,30,28,0.0,-1.0
13,31,29,0.0,-1.0
13,32,34,0.0,1.0
13,33,35,0.0,1.0
13,34,32,0.0,-1.0
13,35,33,0.0,-1.0
13,36,38,0.0,-1.0
13,37,39,0.0,-1.0
13,38,36,0.0,1.0
13,39,37,0.0,1.0
13,40,42,0.0,-1.0
13,41,43,0.0,-1.0
13,42,40,0.0,1.0
13,43,41,0.0,1.0
13,44,46,0.0,1.0
13,45,47,0.0,1.0
13,46,44,0.0,-1.0
13,47,45,0.0,-1.0
13,48,50,0.0,-1.0
13,49,51,0.0,-1.0
13,50,48,0.0,1.0
13,51,49,0.0,1.0
13,52,54,0.0,1.0
13,53,55,0.0,1.0
13,54,52,0.0,-1.0
13,55,53,0.0,-1.0
13,56,58,0.0,1.0
13,57,59,0.0,1.0
13,58,56,0.0,-1.0
13,59,57,0.0,-1.0
13,60,62,0.0,-1.0
13,61,63,0.0,-1.0
13,62,60,0.0,1.0
13,63,61,0.0,1.0
13,64,66,0.0,1.0
13,65,67,0.0,1.0
13,66,64,0.0,-1.0
13,67,65,0.0,-1.0
13,68,70,0.0,-1.0
13,69,71,0.0,-1.0
13,70,68,0.0,1.0
13,71,69,0.0,1.0
13,72,74,0.0,-1.0
13,73,75,0.0,-1.0
13,74,72,0.0,1.0
13,75,73,0.0,1.0
13,76,78,0.0,1.0
13,77,79,0.0,1.0
13,78,76,0.0,-1.0
13,79,77,0.0,-1.0
13,80,82,0.0,-1.0
13,81,83,0.0,-1.0
13,82,80,0.0,1.0
13,83,81,0.0,1.0
13,84,86,0.0,1.0
13,85,87,0.0,1.0
13,86,84,0.0,-1.0
13,87,85,0.0,-1.0
13,88,90,0.0,1.0
13,89,91,0.0,1.0
13,90,88,0.0,-1.0
13,91,89,0.0,-1.0
13,92,94,0.0,-1.0
13,93,95,0.0,-1.0
13,94,92,0.0,1.0
13,95,93,0.0,1.0
13,96,98,0.0,-1.0
13,97,99,0.0,-1.0
13,98,96,0.0,1.0
13,99,97,0.0,1.0
13,100,102,0.0,1.0
13,101,103,0.0,1.0
13,102,100,0.0,-1.0
13,103,101,0.0,-1.0
13,104,106,0.0,1.0
13,105,107,0.0,1.0
13,106,104,0.0,-1.0
13,107,105,0.0,-1.0
13,108,110,0.0,-1.0
13,109,111,0.0,-1.0
13,110,108,0.0,1.0
13,111,109,0.0,1.0
13,112,114,0.0,1.0
13,113,115,0.0,1.0
13,114,112,0.0,-1.0
13,115,113,0.0,-1.0
13,116,118,0.0,-1.0
13,117,119,0.0,-1.0
13,118,116,0.0,1.0
13,119,117,0.0,1.0
13,120,122,0.0,-1.0
13,121,123,0.0,-1.0
13,122,120,0.0,1.0
13,123,121,0.0,1.0
13,124,126,0.0,1.0
13,125,127,0.0,1.0
13,126,124,0.0,-1.0
13,127,125,0.0,-1.0
13,128,130,0.0,1.0
13,129,131,0.0,1.0
13,130,128,0.0,-1.0
13,131,129,0.0,-1.0
13,132,134,0.0,-1.0
13,133,135,0.0,-1.0
13,134,132,0.0,1.0
13,135,133,0.0,1.0
13,136,138,0.0,-1.0
13,137,139,0.0,-1.0
13,138,136,0.0,1.0
13,139,137,0.0,1.0
13,140,142,0.0,1.0
13,141,143,0.0,1.0
13,142,140,0.0,-1.0
13,143,141,0.0,-1.0
13,144,146,0.0,-1.0
13,145,147,0.0,-1.0
13,146,144,0.0,1.0
13,147,145,0.0,1.0
13,148,150,0.0,1.0
13,149,151,0.0,1.0
13,150,148,0.0,-1.0
13,151,149,0.0,-1.0
13,152,154,0.0,1.0
13,153,155,0.0,1.0
13,154,152,0.0,-1.0
13,155,153,0.0,-1.0
13,156,158,0.0,-1.0
13,157,159,0.0,-1.0
13,158,156,0.0,1.0
13,159,157,0.0,1.0
13,160,162,0.0,-1.0
13,161,163,0.0,-1.0
13,162,160,0.0,1.0
13,163,161,0.0,1.0
13,164,166,0.0,1.0
13,165,167,0.0,1.0
13,166,164,0.0,-1.0
13,167,165,0.0,-1.0
13,168,170,0.0,1.0
13,169,171,0.0,1.0
13,170,168,0.0,-1.0
13,171,169,0.0,-1.0
13,172,174,0.0,-1.0
13,173,175,0.0,-1.0
13,174,172,0.0,1.0
13,175,173,0.0,1.0
13,176,178,0.0,1.0
13,177,179,0.0,1.0
13,178,176,0.0,-1.0
13,179,177,0.0,-1.0
13,180,182,0.0,-1.0
13,181,183,0.0,-1.0
13,182,180,0.0,1.0
13,183,181,0.0,1.0
13,184,186,0.0,-1.0
13,185,187,0.0,-1.0
13,186,184,0.0,1.0
13,187,185,0.0,1.0
13,188,190,0.0,1.0
13,189,191,0.0,1.0
13,190,188,0.0,-1.0
13,191,189,0.0,-1.0
13,192,194,0.0,-1.0
13,193,195,0.0,-1.0
13,194,192,0.0,1.0
13,195,193,0.0,1.0
13,196,198,0.0,1.0
13,197,199,0.0,1.0
13,198,196,0.0,-1.0
13,199,197,0.0,-1.0
13,200,202,0.0,1.0
13,201,203,0.0,1.0
13,202,200,0.0,-1.0
13,203,201,0.0,-1.0
13,204,206,0.0,-1.0
13,205,207,0.0,-1.0
13,206,204,0.0,1.0
13,207,205,0.0,1.0
13,208,210,0.0,1.0
13,209,211,0.0,1.0
13,210,208,0.0,-1.0
13,211,209,0.0,-1.0
13,212,214,0.0,-1.0
13,213,215,0.0,-1.0
13,214,212,0.0,1.0
13,215,213,0.0,1.0
13,216,218,0.0,-1.0
13,217,219,0.0,-1.0
13,218,216,0.0,1.0
13,219,217,0.0,1.0
13,220,222,0.0,1.0
13,221,223,0.0,1.0
13,222,220,0.0,-1.0
13,223,221,0.0,-1.0
13,224,226,0.0,1.0
13,225,227,0.0,1.0
13,226,224,0.0,-1.0
13,227,225,0.0,-1.0
13,228,230,0.0,-1.0
13,229,231,0.0,-1.0
13,230,228,0.0,1.0
13,231,229,0.0,1.0
13,232,234,0.0,-1.0
13,233,235,0.0,-1.0
13,234,232,0.0,1.0
13,235,233,0.0,1.0
13,236,238,0.0,1.0
13,237,239,0.0,1.0
13,238,236,0.0,-1.0
13,239,237,0.0,-1.0
13,240,242,0.0,-1.0
13,241,243,0.0,-1.0
13,242,240,0.0,1.0
13,243,241,0.0,1.0
13,244,246,0.0,1.0
13,245,247,0.0,1.0
13,246,244,0.0,-1.0
13,247,245,0.0,-1.0
13,248,250,0.0,1.0
13,249,251,0.0,1.0
13,250,248,0.0,-1.0
13,251,249,0.0,-1.0
13,252,254,0.0,-1.0
13,253,255,0.0,-1.0
13,254,252,0.0,1.0
13,255,253,0.0,1.0
14,0,1,1.0,0.0
14,1,0,1.0,0.0
14,2,3,-1.0,0.0
14,3,2,-1.0,0.0
14,4,5,-1.0,0.0
14,5,4,-1.0,0.0
14,6,7,1.0,0.0
14,7,6,1.0,0.0
14,8,9,-1.0,0.0
14,9,8,-1.0,0.0
14,10,11,1.0,0.0
14,11,10,1.0,0.0
14,12,13,1.0,0.0
14,13,12,1.0,0.0
14,14,15,-1.0,0.0
14,15,14,-1.0,0.0
14,16,17,-1.0,0.0
14,17,16,-1.0,0.0
14,18,19,1.0,0.0
14,19,18,1.0,0.0
14,20,21,1.0,0.0
14,21,20,1.0,0.0
14,22,23,-1.0,0.0
14,23,22,-1.0,0.0
14,24,25,1.0,0.0
14,25,24,1.0,0.0
14,26,27,-1.0,0.0
14,27,26,-1.0,0.0
14,28,29,-1.0,0.0
14,29,28,-1.0,0.0
14,30,31,1.0,0.0
14,31,30,1.0,0.0
14,32,33,-1.0,0.0
14,33,32,-1.0,0.0
14,34,35,1.0,0.0
14,35,34,1.0,0.0
14,36,37,1.0,0.0
14,37,36,1.0,0.0
14,38,39,-1.0,0.0
14,39,38,-1.0,0.0
14,40,41,1.0,0.0
14,41,40,1.0,0.0
14,42,43,-1.0,0.0
14,43,42,-1.0,0.0
14,44,45,-1.0,0.0
14,45,44,-1.0,0.0
14,46,47,1.0,0.0
14,47,46,1.0,0.0
14,48,49,1.0,0.0
14,49,48,1.0,0.0
14,50,51,-1.0,0.0
14,51,50,-1.0,0.0
14,52,53,-1.0,0.0
14,53,52,-1.0,0.0
14,54,55,1.0,0.0
14,55,54,1.0,0.0
14,56,57,-1.0,0.0
14,57,56,-1.0,0.0
14,58,59,1.0,0.0
14,59,58,1.0,0.0
14,60,61,1.0,0.0
14,61,60,1.0,0.0
14,62,63,-1.0,0.0
14,63,62,-1.0,0.0
14,64,65,-1.0,0.0
14,65,64,-1.0,0.0
14,66,67,1.0,0.0
14,67,66,1.0,0.0
14,68,69,1.0,0.0
14,69,68,1.0,0.0
14,70,71,-1.0,0.0
14,71,70,-1.0,0.0
14,72,73,1.0,0.0
14,73,72,1.0,0.0
14,74,75,-1.0,0.0
14,75,74,-1.0,0.0
14,76,77,-1.0,0.0
14,77,76,-1.0,0.0
14,78,79,1.0,0.0
14,79,78,1.0,0.0
14,80,81,1.0,0.0
14,81,80,1.0,0.0
14,82,83,-1.0,0.0
14,83,82,-1.0,0.0
14,84,85,-1.0,0.0
14,85,84,-1.0,0.0
14,86,87,1.0,0.0
14,87,86,1.0,0.0
14,88,89,-1.0,0.0
14,89,88,-1.0,0.0
14,90,91,1.0,0.0
14,91,90,1.0,0.0
14,92,93,1.0,0.0
14,93,92,1.0,0.0
14,94,95,-1.0,0.0
14,95,94,-1.0,0.0
14,96,97,1.0,0.0
14,97,96,1.0,0.0
14,98,99,-1.0,0.0
14,99,98,-1.0,0.0
14,100,101,-1.0,0.0
14,101,100,-1.0,0.0
14,102,103,1.0,0.0
14,103,102,1.0,0.0
14,104,105,-1.0,0.0
14,105,104,-1.0,0.0
14,106,107,1.0,0.0
14,107,106,1.0,0.0
14,108,109,1.0,0.0
14,109,108,1.0,0.0
14,110,111,-1.0,0.0
14,111,110,-1.0,0.0
14,112,113,-1.0,0.0
14,113,112,-1.0,0.0
14,114,115,1.0,0.0
14,115,114,1.0,0.0
14,116,117,1.0,0.0
14,117,116,1.0,0.0
14,118,119,-1.0,0.0
14,119,118,-1.0,0.0
14,120,121,1.0,0.0
14,121,120,1.0,0.0
14,122,123,-1.0,0.0
14,123,122,-1.0,0.0
14,124,125,-1.0,0.0
14,125,124,-1.0,0.0
14,126,127,1.0,0.0
14,127,126,1.0,0.0
14,128,129,-1.0,0.0
14,129,128,-1.0,0.0
14,130,131,1.0,0.0
14,131,130,1.0,0.0
14,132,133,1.0,0.0
14,133,132,1.0,0.0
14,134,135,-1.0,0.0
14,135,134,-1.0,0.0
14,136,137,1.0,0.0
14,137,136,1.0,0.0
14,138,139,-1.0,0.0
14,139,138,-1.0,0.0
14,140,141,-1.0,0.0
14,141,140,-1.0,0.0
14,142,143,1.0,0.0
14,143,142,1.0,0.0
14,144,145,1.0,0.0
14,145,144,1.0,0.0
14,146,147,-1.0,0.0
14,147,146,-1.0,0.0
14,148,149,-1.0,0.0
14,149,148,-1.0,0.0
14,150,151,1.0,0.0
14,151,150,1.0,0.0
14,152,153,-1.0,0.0
14,153,152,-1.0,0.0
14,154,155,1.0,0.0
14,155,154,1.0,0.0
14,156,157,1.0,0.0
14,157,156,1.0,0.0
14,158,159,-1.0,0.0
14,159,158,-1.0,0.0
14,160,161,1.0,0.0
14,161,160,1.0,0.0
14,162,163,-1.0,0.0
14,163,162,-1.0,0.0
14,164,165,-1.0,0.0
14,165,164,-1.0,0.0
14,166,167,1.0,0.0
14,167,166,1.0,0.0
14,168,169,-1.0,0.0
14,169,168,-1.0,0.0
14,170,171,1.0,0.0
14,171,170,1.0,0.0
14,172,173,1.0,0.0
14,173,172,1.0,0.0
14,174,175,-1.0,0.0
14,175,174,-1.0,0.0
14,176,177,-1.0,0.0
14,177,176,-1.0,0.0
14,178,179,1.0,0.0
14,179,178,1.0,0.0
14,180,181,1.0,0.0
14,181,180,1.0,0.0
14,182,183,-1.0,0.0
14,183,182,-1.0,0.0
14,184,185,1.0,0.0
14,185,184,1.0,0.0
14,186,187,-1.0,0.0
14,187,186,-1.0,0.0
14,188,189,-1.0,0.0
14,189,188,-1.0,0.0
14,190,191,1.0,0.0
14,191,190,1.0,0.0
14,192,193,1.0,0.0
14,193,192,1.0,0.0
14,194,195,-1.0,0.0
14,195,194,-1.0,0.0
14,196,197,-1.0,0.0
14,197,196,-1.0,0.0
14,198,199,1.0,0.0
14,199,198,1.0,0.0
14,200,201,-1.0,0.0
14,201,200,-1.0,0.0
14,202,203,1.0,0.0
14,203,202,1.0,0.0
14,204,205,1.0,0.0
14,205,204,1.0,0.0
14,206,207,-1.0,0.0
14,207,206,-1.0,0.0
14,208,209,-1.0,0.0
14,209,208,-1.0,0.0
14,210,211,1.0,0.0
14,211,210,1.0,0.0
14,212,213,1.0,0.0
14,213,212,1.0,0.0
14,214,215,-1.0,0.0
14,215,214,-1.0,0.0
14,216,217,1.0,0.0
14,217,216,1.0,0.0
14,218,219,-1.0,0.0
14,219,218,-1.0,0.0
14,220,221,-1.0,0.0
14,221,220,-1.0,0.0
14,222,223,1.0,0.0
14,223,222,1.0,0.0
14,224,225,-1.0,0.0
14,225,224,-1.0,0.0
14,226,227,1.0,0.0
14,227,226,1.0,0.0
14,228,229,1.0,0.0
14,229,228,1.0,0.0
14,230,231,-1.0,0.0
14,231,230,-1.0,0.0
14,232,233,1.0,0.0
14,233,232,1.0,0.0
14,234,235,-1.0,0.0
14,235,234,-1.0,0.0
14,236,237,-1.0,0.0
14,237,236,-1.0,0.0
14,238,239,1.0,0.0
14,239,238,1.0,0.0
14,240,241,1.0,0.0
14,241,240,1.0,0.0
14,242,243,-1.0,0.0
14,243,242,-1.0,0.0
14,244,245,-1.0,0.0
14,245,244,-1.0,0.0
14,246,247,1.0,0.0
14,247,246,1.0,0.0
14,248,249,-1.0,0.0
14,249,248,-1.0,0.0
14,250,251,1.0,0.0
14,251,250,1.0,0.0
14,252,253,1.0,0.0
14,253,252,1.0,0.0
14,254,255,-1.0,0.0
14,255,254,-1.0,0.0
15,0,1,0.0,-1.0
15,1,0,0.0,1.0
15,2,3,0.0,1.0
15,3,2,-0.0,-1.0
15,4,5,0.0,1.0
15,5,4,-0.0,-1.0
15,6,7,-0.0,-1.0
15,7,6,0.0,1.0
15,8,9,0.0,1.0
15,9,8,-0.0,-1.0
15,10,11,-0.0,-1.0
15,11,10,0.0,1.0
15,12,13,0.0,-1.0
15,13,12,0.0,1.0
15,14,15,0.0,1.0
15,15,14,-0.0,-1.0
15,16,17,0.0,1.0
15,17,16,-0.0,-1.0
15,18,19,-0.0,-1.0
15,19,18,0.0,1.0
15,20,21,0.0,-1.0
15,21,20,0.0,1.0
15,22,23,0.0,1.0
15,23,22,-0.0,-1.0
15,24,25,0.0,-1.0
15,25,24,0.0,1.0
15,26,27,0.0,1.0
15,27,26,-0.0,-1.0
15,28,29,0.0,1.0
15,29,28,-0.0,-1.0
15,30,31,-0.0,-1.0
15,31,30,0.0,1.0
15,32,33,0.0,1.0
15,33,32,-0.0,-1.0
15,34,35,-0.0,-1.0
15,35,34,0.0,1.0
15,36,37,0.0,-1.0
15,37,36,0.0,1.0
15,38,39,0.0,1.0
15,39,38,-0.0,-1.0
15,40,41,0.0,-1.0
15,41,40,0.0,1.0
15,42,43,0.0,1.0
15,43,42,-0.0,-1.0
15,44,45,0.0,1.0
15,45,44,-0.0,-1.0
15,46,47,-0.0,-1.0
15,47,46,0.0,1.0
15,48,49,0.0,-1.0
15,49,48,0.0,1.0
15,50,51,0.0,1.0
15,51,50,-0.0,-1.0
15,52,53,0.0,1.0
15,53,52,-0.0,-1.0
15,54,55,-0.0,-1.0
15,55,54,0.0,1.0
15,56,57,0.0,1.0
15,57,56,-0.0,-1.0
15,58,59,-0.0,-1.0
15,59,58,0.0,1.0
15,60,61,0.0,-1.0
15,61,60,0.0,1.0
15,62,63,0.0,1.0
15,63,62,-0.0,-1.0
15,64,65,0.0,1.0
15,65,64,-0.0,-1.0
15,66,67,-0.0,-1.0
15,67,66,0.0,1.0
15,68,69,0.0,-1.0
15,69,68,0.0,1.0
15,70,71,0.0,1.0
15,71,70,-0.0,-1.0
15,72,73,0.0,-1.0
15,73,72,0.0,1.0
15,74,75,0.0,1.0
15,75,74,-0.0,-1.0
15,76,77,0.0,1.0
15,77,76,-0.0,-1.0
15,78,79,-0.0,-1.0
15,79,78,0.0,1.0
15,80,81,0.0,-1.0
15,81,80,0.0,1.0
15,82,83,0.0,1.0
15,83,82,-0.0,-1.0
15,84,85,0.0,1.0
15,85,84,-0.0,-1.0
15,86,87,-0.0,-1.0
15,87,86,0.0,1.0
15,88,89,0.0,1.0
15,89,88,-0.0,-1.0
15,90,91,-0.0,-1.0
15,91,90,0.0,1.0
15,92,93,0.0,-1.0
15,93,92,0.0,1.0
15,94,95,0.0,1.0
15,95,94,-0.0,-1.0
15,96,97,0.0,-1.0
15,97,96,0.0,1.0
15,98,99,0.0,1.0
15,99,98,-0.0,-1.0
15,100,101,0.0,1.0
15,101,100,-0.0,-1.0
15,102,103,-0.0,-1.0
15,103,102,0.0,1.0
15,104,105,0.0,1.0
15,105,104,-0.0,-1.0
15,106,107,-0.0,-1.0
15,107,106,0.0,1.0
15,108,109,0.0,-1.0
15,109,108,0.0,1.0
15,110,111,0.0,1.0
15,111,110,-0.0,-1.0
15,112,113,0.0,1.0
15,113,112,-0.0,-1.0
15,114,115,-0.0,-1.0
15,115,114,0.0,1.0
15,116,117,0.0,-1.0
15,117,116,0.0,1.0
15,118,119,0.0,1.0
15,119,118,-0.0,-1.0
15,120,121,0.0,-1.0
15,121,120,0.0,1.0
15,122,123,0.0,1.0
15,123,122,-0.0,-1.0
15,124,125,0.0,1.0
15,125,124,-0.0,-1.0
15,126,127,-0.0,-1.0
15,127,126,0.0,1.0
15,128,129,0.0,1.0
15,129,128,-0.0,-1.0
15,130,131,-0.0,-1.0
15,131,130,0.0,1.0
15,132,133,0.0,-1.0
15,133,132,0.0,1.0
15,134,135,0.0,1.0
15,135,134,-0.0,-1.0
15,136,137,0.0,-1.0
15,137,136,0.0,1.0
15,138,139,0.0,1.0
15,139,138,-0.0,-1.0
15,140,141,0.0,1.0
15,141,140,-0.0,-1.0
15,142,143,-0.0,-1.0
15,143,142,0.0,1.0
15,144,145,0.0,-1.0
15,145,144,0.0,1.0
15,146,147,0.0,1.0
15,147,146,-0.0,-1.0
15,148,149,0.0,1.0
15,149,148,-0.0,-1.0
15,150,151,-0.0,-1.0
15,151,150,0.0,1.0
15,152,153,0.0,1.0
15,153,152,-0.0,-1.0
15,154,155,-0.0,-1.0
15,155,154,0.0,1.0
15,156,157,0.0,-1.0
15,157,156,0.0,1.0
15,158,159,0.0,1.0
15,159,158,-0.0,-1.0
15,160,161,0.0,-1.0
15,161,160,0.0,1.0
15,162,163,0.0,1.0
15,163,162,-0.0,-1.0
15,164,165,0.0,1.0
15,165,164,-0.0,-1.0
15,166,167,-0.0,-1.0
15,167,166,0.0,1.0
15,168,169,0.0,1.0
15,169,168,-0.0,-1.0
15,170,171,-0.0,-1.0
15,171,170,0.0,1.0
15,172,173,0.0,-1.0
15,173,172,0.0,1.0
15,174,175,0.0,1.0
15,175,174,-0.0,-1.0
15,176,177,0.0,1.0
15,177,176,-0.0,-1.0
15,178,179,-0.0,-1.0
15,179,178,0.0,1.0
15,180,181,0.0,-1.0
15,181,180,0.0,1.0
15,182,183,0.0,1.0
15,183,182,-0.0,-1.0
15,184,185,0.0,-1.0
15,185,184,0.0,1.0
15,186,187,0.0,1.0
15,187,186,-0.0,-1.0
15,188,189,0.0,1.0
15,189,188,-0.0,-1.0
15,190,191,-0.0,-1.0
15,191,190,0.0,1.0
15,192,193,0.0,-1.0
15,193,192,0.0,1.0
15,194,195,0.0,1.0
15,195,194,-0.0,-1.0
15,196,197,0.0,1.0
15,197,196,-0.0,-1.0
15,198,199,-0.0,-1.0
15,199,198,0.0,1.0
15,200,201,0.0,1.0
15,201,200,-0.0,-1.0
15,202,203,-0.0,-1.0
15,203,202,0.0,1.0
15,204,205,0.0,-1.0
15,205,204,0.0,1.0
15,206,207,0.0,1.0
15,207,206,-0.0,-1.0
15,208,209,0.0,1.0
15,209,208,-0.0,-1.0
15,210,211,-0.0,-1.0
15,211,210,0.0,1.0
15,212,213,0.0,-1.0
15,213,212,0.0,1.0
15,214,215,0.0,1.0
15,215,214,-0.0,-1.0
15,216,217,0.0,-1.0
15,217,216,0.0,1.0
15,218,219,0.0,1.0
15,219,218,-0.0,-1.0
15,220,221,0.0,1.0
15,221,220,-0.0,-1.0
15,222,223,-0.0,-1.0
15,223,222,0.0,1.0
15,224,225,0.0,1.0
15,225,224,-0.0,-1.0
15,226,227,-0.0,-1.0
15,227,226,0.0,1.0
15,228,229,0.0,-1.0
15,229,228,0.0,1.0
15,230,231,0.0,1.0
15,231,230,-0.0,-1.0
15,232,233,0.0,-1.0
15,233,232,0.0,1.0
15,234,235,0.0,1.0
15,235,234,-0.0,-1.0
15,236,237,0.0,1.0
15,237,236,-0.0,-1.0
15,238,239,-0.0,-1.0
15,239,238,0.0,1.0
15,240,241,0.0,-1.0
15,241,240,0.0,1.0
15,242,243,0.0,1.0
15,243,242,-0.0,-1.0
15,244,245,0.0,1.0
15,245,244,-0.0,-1.0
15,246,247,-0.0,-1.0
15,247,246,0.0,1.0
15,248,249,0.0,1.0
15,249,248,-0.0,-1.0
15,250,251,-0.0,-1.0
15,251,250,0.0,1.0
15,252,253,0.0,-1.0
15,253,252,0.0,1.0
15,254,255,0.0,1.0
15,255,254,-0.0,-1.0
